id,name,fight_type,type_coef,success_type_condition,basic_score,fight_environment_group,is_enemy_random,theater_spare_gun_num,theater_spare_fairy_num,theater_spare_sangvis_cost,assist_npc,assist_squad,assist_fairy,boss_score_coef,boss_score_display,start_score,end_score,type,construction,enemy_group,enemy_lv,enemy_score,occupied_enemy_lv,occupied_enemy_score,boss,occupied_boss_score,score_limit,advantage_gun,material_item,battle_background,theater_id,display_length,description,difficulty,area_mission_id,advantage_sangvis
411,普通关卡,1,0,1;3;6,300,1;3;6,0,10,0,10,,,,100;0;50;0;200;50;100;00;100;50;00;100;100,-2;0;0;0;2;0;1;0;1;0;0;-1;0,0,12000000,1,411,"1843-0-4,1846-0-4,1847-0-4","-30,-29,-28,-27,-26,-25,-24,-23,-22,-21","70,71,72,73,74,75,76,77,78,80","-34,-34,-33,-32,-32,-31,-31,-30,-29,-28","70,71,72,73,74,75,76,77,78,80",,60,0,"36,26,100",47,wasteland,41,300,theater_area-20000411,1000,900411,
412,普通关卡,2,0,1;4;7,300,1;4;7,0,10,0,10,,,,100;0;50;0;200;50;100;00;100;50;00;100;100,-2;0;0;0;2;0;1;0;1;0;0;-1;0,12000000,30000000,1,,"1848-0-4,1844-0-4,1847-0-4","-20,-19,-18,-17,-16,-15,-14,-13,-12,-11","80,81,82,83,84,85,86,87,88,90","-24,-24,-23,-22,-21,-20,-20,-19,-18,-17","80,81,82,83,84,85,86,87,88,90",,60,0,"36,26,100",47,wasteland,41,300,theater_area-20000412,2600,900411,
413,普通关卡,3,0,1;2;3,300,1;2;3,0,10,0,10,,,,100;0;50;0;200;50;100;00;100;50;00;100;100,-2;0;0;0;2;0;1;0;1;0;0;-1;0,30000000,50000000,1,,"490-0-4,1499-0-4,565-0-4","-10,-9,-8,-7,-6,-5,-4,-3,-2,-1","90,91,92,93,94,95,96,97,98,100","-16,-16,-15,-14,-13,-12,-12,-11,-10,-9","90,91,92,93,94,95,96,97,98,100",,60,0,"36,26,100",47,wasteland,41,300,theater_area-20000413,4200,900411,
414,要塞关卡,3,180,1;2;5,300,1;2;5,0,10,0,10,,,,100;0;50;0;200;50;100;00;100;50;00;100;100,-2;0;0;0;2;0;1;0;1;0;0;-1;0,50000000,105000000,2,,"901-1-4,568-1-4,900-0-4,904-0-4","-10,-9,-8,-7,-6,-5,-4,-3,-2,-1","100,101,102,103,104,105,106,107,108,110","-18,-18,-17,-16,-15,-14,-14,-13,-12,-11","100,101,102,103,104,105,106,107,108,110",700001-0,60,1046,"36,26,100",47,wasteland,41,300,theater_area-20000414,4800,900411,
415,普通关卡,4,0,1;3;6,300,1;3;6,0,10,0,10,,,,100;0;50;0;200;50;100;00;100;50;00;100;100,-2;0;0;0;2;0;1;0;1;0;0;-1;0,105000000,117000000,1,,"577-1-4,670-0-4,914-1-4","-10,-9,-9,-8,-8,-7,-7,-6,-6,-5","110,111,112,113,114,115,116,117,118,120","-20,-20,-20,-19,-19,-18,-18,-17,-17,-16","110,111,112,113,114,115,116,117,118,120",,60,0,"53,129,118",47,wasteland,41,300,theater_area-20000415,5200,900412,
416,普通关卡,4,"1006,1",1;3;6,300,1;3;6,0,10,0,10,,,,100;0;50;0;200;50;100;00;100;50;00;100;100,-2;0;0;0;2;0;1;0;1;0;0;-1;0,117000000,132000000,1,,"915-0-4,445-1-4,577-0-4,670-0-4","-5,-4,-4,-3,-3,-2,-2,-1,-1,0","120,121,122,123,124,125,126,127,128,130","-16,-16,-16,-15,-15,-14,-14,-13,-13,-12","120,121,122,123,124,125,126,127,128,130",,60,0,"53,129,118",47,wasteland,41,300,theater_area-20000416,5800,900412,
417,普通关卡,4,"1006,2;1008,1",1;4;7,300,1;4;7,0,10,0,10,,,,100;0;50;0;200;50;100;00;100;50;00;100;100,-2;0;0;0;2;0;1;0;1;0;0;-1;0,132000000,147000000,1,,"444-1-4,608-0-4,445-0-4","-10,-9,-9,-8,-8,-7,-7,-6,-6,-5","130,131,132,133,134,135,136,137,138,140","-22,-22,-22,-21,-21,-20,-20,-19,-19,-18","130,131,132,133,134,135,136,137,138,140",,60,0,"53,129,118",47,wasteland,41,300,theater_area-20000417,6400,900412,
418,要塞关卡,5,0,1;2;3,300,1;2;3,0,10,0,10,,,,100;0;50;0;200;50;100;00;100;50;00;100;100,-2;0;0;0;2;0;1;0;1;0;0;-1;0,147000000,195000000,2,,"939-0-4,938-1-4,442-0-4","-5,-4,-4,-3,-3,-2,-2,-1,-1,0","140,141,142,143,144,145,146,147,148,150","-18,-18,-18,-17,-17,-16,-16,-15,-15,-14","140,141,142,143,144,145,146,147,148,150",700002-0,60,2205,"53,129,118",47,wasteland,41,300,theater_area-20000418,7500,900412,
421,普通关卡,1,0,1;2;5,300,1;2;5,0,10,0,10,,,,100;0;50;0;200;50;100;00;100;50;00;100;100,-2;0;0;0;2;0;1;0;1;0;0;-1;0,0,28000000,1,421,"939-0-4,938-1-4,669-0-4","-10,-9,-8,-7,-6,-5,-4,-3,-2,-1","150,152,154,156,158,160,162,164,167,170","-32,-32,-31,-30,-30,-29,-29,-28,-27,-26","150,152,154,156,158,160,162,164,167,170",,60,0,"128,202,228",47,abandonedvillage,42,300,theater_area-20000421,7800,900421,
422,普通关卡,2,0,1;3;6,300,1;3;6,0,10,0,10,,,,100;0;50;0;200;50;100;00;100;50;00;100;100,-2;0;0;0;2;0;1;0;1;0;0;-1;0,28000000,73000000,1,,"637-0-4,637-1-4,638-1-4","-10,-10,-10,-9,-9,-9,-9,-8,-8,-8","170,172,174,176,178,180,182,184,187,190","-24,-24,-24,-24,-24,-24,-24,-23,-23,-23","170,172,174,176,178,180,182,184,187,190",,60,0,"128,202,228",47,abandonedvillage,42,300,theater_area-20000422,8000,900421,
423,普通关卡,3,0,1;3;6,300,1;3;6,0,10,0,10,,,,100;0;50;0;200;50;100;00;100;50;00;100;100,-2;0;0;0;2;0;1;0;1;0;0;-1;0,73000000,123000000,1,,"642-1-4,639-0-4,640-0-4","-7,-7,-7,-6,-6,-6,-6,-5,-5,-5","190,192,194,196,198,200,202,204,207,210","-22,-22,-22,-21,-21,-21,-21,-20,-20,-20","190,192,194,196,198,200,202,204,207,210",,60,0,"128,202,228",47,abandonedvillage,42,300,theater_area-20000423,8500,900421,
424,要塞关卡,3,180,1;4;7,300,1;4;7,0,10,0,10,,,,100;0;50;0;200;50;100;00;100;50;00;100;100,-2;0;0;0;2;0;1;0;1;0;0;-1;0,123000000,258000000,2,,"643-0-4,2239-1-4,2237-0-4,1423-1-4","-4,-4,-4,-3,-3,-3,-3,-2,-2,-2","210,212,214,216,218,220,222,224,227,230","-20,-20,-20,-19,-19,-19,-19,-18,-18,-18","210,212,214,216,218,220,222,224,227,230",700003-1,60,2193,"128,202,228",47,abandonedvillage,42,300,theater_area-20000424,8800,900421,
425,普通关卡,4,0,1;2;3,300,1;2;3,0,10,0,10,,,,100;0;50;0;200;50;100;00;100;50;00;100;100,-2;0;0;0;2;0;1;0;1;0;0;-1;0,258000000,285000000,1,425,"1421-0-4,743-1-4,744-0-4,745-1-4","-11,-11,-11,-10,-10,-10,-10,-9,-9,-9","230,232,234,236,238,240,242,244,247,250","-27,-27,-27,-26,-26,-26,-26,-26,-26,-26","230,232,234,236,238,240,242,244,247,250",,60,0,"208,189,179",47,abandonedvillage,42,300,theater_area-20000425,9200,900422,
426,普通关卡,4,"1006,1",1;2;5,300,1;2;5,0,10,0,10,,,,100;0;50;0;200;50;100;00;100;50;00;100;100,-2;0;0;0;2;0;1;0;1;0;0;-1;0,285000000,320000000,1,,"747-0-4,748-1-4,808-0-4,808-1-4","-8,-8,-8,-7,-7,-7,-7,-6,-6,-6","250,252,254,256,258,260,262,264,267,270","-25,-25,-25,-24,-24,-24,-24,-23,-23,-23","250,252,254,256,258,260,262,264,267,270",,60,0,"208,189,179",47,abandonedvillage,42,300,theater_area-20000426,9600,900422,
427,普通关卡,4,"1006,2;1008,1",1;3;6,300,1;3;6,0,10,0,10,,,,100;0;50;0;200;50;100;00;100;50;00;100;100,-2;0;0;0;2;0;1;0;1;0;0;-1;0,320000000,350000000,1,,"807-1-4,810-0-4,743-0-4,804-1-4","-5,-5,-5,-4,-4,-4,-4,-3,-3,-3","270,272,274,276,278,280,282,284,287,290","-22,-22,-22,-22,-22,-22,-22,-21,-21,-21","270,272,274,276,278,280,282,284,287,290",,60,0,"208,189,179",47,abandonedvillage,42,300,theater_area-20000427,13000,900422,
428,要塞关卡,5,0,1;3;6,300,1;3;6,0,10,0,10,,,,100;0;50;0;200;50;100;00;100;50;00;100;100,-2;0;0;0;2;0;1;0;1;0;0;-1;0,350000000,465000000,2,,"1120-0-4,1123-1-4,1105-1-4,804-1-4,745-0-4","-2,-2,-2,-1,-1,-1,-1,0,0,0","290,292,294,296,298,300,302,304,307,310","-20,-20,-20,-19,-19,-19,-19,-18,-18,-18","290,292,294,296,298,300,302,304,307,310",700005-0,60,3975,"208,189,179",47,abandonedvillage,42,300,theater_area-20000428,14500,900422,
431,普通关卡,1,0,1;4;7,300,1;4;7,0,10,0,10,,,,100;0;50;0;200;50;100;00;100;50;00;100;100,-2;0;0;0;2;0;1;0;1;0;0;-1;0,0,82000000,1,431,"317967-0-4,1390-1-4,1393-0-4,1429-0-4","-10,-9,-8,-7,-6,-5,-4,-3,-2,-1","300,302,304,306,308,310,312,314,317,320","-39,-39,-38,-38,-37,-36,-36,-35,-34,-34","300,302,304,306,308,310,312,314,317,320",,60,0,"127,197,162",47,iron,43,300,theater_area-20000431,13000,900431,
432,普通关卡,2,0,1;2;3,300,1;2;3,0,10,0,10,,,,100;0;50;0;200;50;100;00;100;50;00;100;100,-2;0;0;0;2;0;1;0;1;0;0;-1;0,82000000,170000000,1,,"317976-0-4,1473-0-4,1475-1-4,1474-0-4","-10,-10,-9,-9,-8,-8,-7,-7,-6,-6","320,322,324,326,328,330,332,334,337,340","-28,-28,-28,-28,-27,-27,-26,-26,-25,-25","320,322,324,326,328,330,332,334,337,340",,60,0,"127,197,162",47,iron,43,300,theater_area-20000432,16000,900431,
433,要塞关卡,3,0,1;2;5,300,1;2;5,0,10,0,10,,,,100;0;50;0;200;50;100;00;100;50;00;100;100,-2;0;0;0;2;0;1;0;1;0;0;-1;0,170000000,545000000,2,,"317984-0-4,749-0-4,1194-0-4,1381-1-4,1385-0-4","-5,-5,-4,-4,-3,-3,-2,-2,-1,-1","340,342,344,346,348,350,352,354,357,360","-24,-24,-24,-24,-23,-23,-22,-22,-21,-21","340,342,344,346,348,350,352,354,357,360",700001-0,60,3493,"127,197,162",47,iron,43,300,theater_area-20000433,20000,900431,
434,普通关卡,3,180,1;3;6,300,1;3;6,0,10,0,10,,,,100;0;50;0;200;50;100;00;100;50;00;100;100,-2;0;0;0;2;0;1;0;1;0;0;-1;0,545000000,627000000,1,434,"317975-0-4,1563-0-4,1564-1-4,2387-0-4","-10,-10,-9,-9,-8,-8,-7,-7,-6,-6","360,362,364,366,368,370,372,374,377,380","-30,-30,-30,-30,-29,-29,-28,-28,-27,-27","360,362,364,366,368,370,372,374,377,380",,60,0,"127,197,162",47,iron,43,300,theater_area-20000434,22000,900432,
435,普通关卡,4,0,1;3;6,300,1;3;6,0,10,0,10,,,,100;0;50;0;200;50;100;00;100;50;00;100;100,-2;0;0;0;2;0;1;0;1;0;0;-1;0,627000000,702000000,1,,"2677-0-4,1791-0-4,1792-0-4","-5,-5,-4,-4,-4,-3,-3,-3,-2,-2","380,382,384,386,388,390,392,394,397,400","-26,-26,-26,-26,-26,-25,-25,-25,-24,-24","380,382,384,386,388,390,392,394,397,400",,60,0,"194,115,46",47,iron,43,300,theater_area-20000435,26000,900432,
436,要塞关卡,4,"1006,1",1;4;7,300,1;4;7,0,10,0,10,,,,100;0;50;0;200;50;100;00;100;50;00;100;100,-2;0;0;0;2;0;1;0;1;0;0;-1;0,702000000,1002000000,2,436,"2227-0-4,1823-0-4,1990-1-4,2002-0-4,2671-0-4","-11,-11,-10,-10,-10,-9,-9,-9,-8,-8","400,402,404,406,408,410,412,414,417,420","-33,-33,-32,-32,-32,-32,-32,-32,-31,-31","400,402,404,406,408,410,412,414,417,420",700004-1,60,5329,"194,115,46",47,iron,43,300,theater_area-20000436,27500,900432,
437,普通关卡,4,"1006,2;1008,1",1;2;3,300,1;2;3,0,10,0,10,,,,100;0;50;0;200;50;100;00;100;50;00;100;100,-2;0;0;0;2;0;1;0;1;0;0;-1;0,1002000000,1130000000,1,,"2227-0-4,2222-0-4,1738-0-4,1768-0-4,1795-0-4","-7,-7,-6,-6,-6,-5,-5,-5,-4,-4","420,422,424,426,428,430,432,434,437,440","-30,-30,-29,-29,-29,-28,-28,-28,-28,-28","420,422,424,426,428,430,432,434,437,440",,60,0,"194,115,46",47,iron,43,300,theater_area-20000437,29000,900432,
438,要塞关卡,5,0,1;2;5,300,1;2;5,0,10,0,10,,,,100;0;50;0;200;50;100;00;100;50;00;100;100,-2;0;0;0;2;0;1;0;1;0;0;-1;0,1130000000,1640000000,2,,"2667-0-4,1999-1-4,1985-0-4,1795-0-4,1999-0-4","-3,-3,-2,-2,-2,-1,-1,-1,0,0","440,442,444,446,448,450,452,454,457,460","-27,-27,-26,-26,-26,-25,-25,-25,-24,-24","440,442,444,446,448,450,452,454,457,460",700005-0,60,7322,"194,115,46",47,iron,43,300,theater_area-20000438,31000,900432,
441,普通关卡,1,0,1;3;6,300,1;3;6,0,10,0,10,,,,100;0;50;0;200;50;100;00;100;50;00;100;100,-2;0;0;0;2;0;1;0;1;0;0;-1;0,0,60000000,1,441,"490-1-4,565-0-4,1843-0-4","-30,-28,-26,-24,-22,-20,-18,-16,-14,-12","140,144,148,152,156,160,164,168,174,180","-34,-33,-32,-31,-29,-28,-27,-25,-24,-23","140,144,148,152,156,160,164,168,174,180",,60,0,"53,129,118",47,snowland,44,300,theater_area-20000441,2400,900441,
442,普通关卡,2,0,1;2;3,300,1;2;3,0,10,0,10,,,,100;0;50;0;200;50;100;00;100;50;00;100;100,-2;0;0;0;2;0;1;0;1;0;0;-1;0,60000000,130000000,1,442,"1004-1-4,1043-0-4,1041-0-4,1044-1-4,568-0-4","-20,-18,-16,-14,-12,-10,-8,-6,-4,-2","180,184,188,192,196,200,204,208,214,220","-26,-25,-23,-22,-20,-18,-17,-15,-14,-12","180,184,188,192,196,200,204,208,214,220",,60,0,"53,129,118",47,snowland,44,300,theater_area-20000442,4800,900441,
443,要塞关卡,3,0,1;2;5,300,1;2;5,0,10,0,10,,,,100;0;50;0;200;50;100;00;100;50;00;100;100,-2;0;0;0;2;0;1;0;1;0;0;-1;0,130000000,420000000,2,443,"939-1-4,938-1-4,669-0-4,672-0-4,637-0-4","-20,-18,-16,-14,-12,-10,-8,-6,-4,-2","220,228,236,244,252,260,270,280,290,300","-30,-29,-27,-26,-24,-22,-21,-19,-18,-16","220,228,236,244,252,260,270,280,290,300",700002-0,60,2580,"53,129,118",47,snowland,44,300,theater_area-20000443,6400,900441,
444,普通关卡,3,180,1;3;6,300,1;3;6,0,10,0,10,,,,100;0;50;0;200;50;100;00;100;50;00;100;100,-2;0;0;0;2;0;1;0;1;0;0;-1;0,420000000,530000000,1,,"744-0-4,745-1-4,747-0-4,748-1-4,808-0-4,804-0-4","-20,-18,-16,-14,-12,-10,-8,-6,-4,-2","300,320,340,360,380,400,420,440,460,480","-34,-33,-31,-30,-28,-26,-25,-23,-22,-20","300,320,340,360,380,400,420,440,460,480",,60,0,"208,189,179",47,snowland,44,300,theater_area-20000444,14000,900442,
445,普通关卡,4,0,1;4;7,300,1;4;7,0,10,0,10,,,,100;0;50;0;200;50;100;00;100;50;00;100;100,-2;0;0;0;2;0;1;0;1;0;0;-1;0,530000000,630000000,1,,"317968-0-4,1791-0-4,1792-1-4,1981-0-4,1823-1-4,2414-0-4","-20,-18,-16,-14,-12,-10,-9,-8,-7,-6","480,500,520,540,560,580,600,620,640,660","-38,-37,-35,-34,-32,-30,-30,-29,-28,-27","480,500,520,540,560,580,600,620,640,660",,60,0,"208,189,179",47,snowland,44,300,theater_area-20000445,25000,900442,
446,要塞关卡,4,"1006,1",1;2;3,300,1;2;3,0,10,0,10,,,,100;0;50;0;200;50;100;00;100;50;00;100;100,-2;0;0;0;2;0;1;0;1;0;0;-1;0,630000000,970000000,2,,"2624-0-4,2740-1-4,2723-0-4,2720-1-4,2720-1-4,2740-1-4,2723-0-4,2778-0-4,2701-0-4,2727-1-4","-15,-9,-8,-7,-6,-5,-4,-3,-2,-1","660,680,700,720,740,760,780,800,820,840","-36,-32,-31,-30,-29,-28,-28,-27,-26,-25","660,680,700,720,740,760,780,800,820,840",700003-1,60,8558,"208,189,179",47,snowland,44,300,theater_area-20000446,28000,900442,
447,普通关卡,4,"1006,2;1008,1",1;2;5,300,1;2;5,0,10,0,10,,,,100;0;50;0;200;50;100;00;100;50;00;100;100,-2;0;0;0;2;0;1;0;1;0;0;-1;0,970000000,1150000000,1,,"2730-1-4,2730-1-4,2691-0-4,2691-0-4,2740-1-4,2740-1-4,2723-0-4,2691-0-4,2778-0-4,2701-0-4","-5,-4,-3,-2,-1,0,1,2,3,4","840,860,880,900,920,940,960,980,1000,1020","-29,-29,-28,-27,-26,-25,-25,-24,-23,-22","840,860,880,900,920,940,960,980,1000,1020",,60,0,"194,115,46",47,snowland,44,300,theater_area-20000447,30000,900443,
448,要塞关卡,5,0,1;3;6,300,1;3;6,0,10,0,10,,,,100;0;50;0;200;50;100;00;100;50;00;100;100,-2;0;0;0;2;0;1;0;1;0;0;-1;0,1150000000,2145000000,2,,"2691-0-4,2691-0-4,2730-1-4,2730-1-4,2730-1-4,317972-1-4,317972-1-4,2740-1-4,2723-0-4,2720-0-4","5,6,7,8,9,10,11,12,13,14","1020,1040,1060,1080,1100,1120,1140,1160,1180,1200","-21,-21,-20,-19,-18,-17,-17,-16,-15,-14","1020,1040,1060,1080,1100,1120,1140,1160,1180,1200",700005-0,60,14376,"194,115,46",47,snowland,44,300,theater_area-20000448,34000,900443,
511,普通关卡,1,0,1;4;7,300,1;4;7,0,10,0,10,,,,100;0;50;0;200;50;100;00;100;50;00;100;100,-2;0;0;0;2;0;1;0;1;0;0;-1;0,0,12000000,1,511,"1843-0-4,1846-0-4,1847-0-4","-30,-29,-28,-27,-26,-25,-24,-23,-22,-21","70,71,72,73,74,75,76,77,78,80","-34,-34,-33,-32,-32,-31,-31,-30,-29,-28","70,71,72,73,74,75,76,77,78,80",,60,0,"36,16,100,27,6",47,wasteland,51,300,theater_area-20000511,1000,900411,
512,普通关卡,2,0,1;2;3,300,1;2;3,0,10,0,10,,,,100;0;50;0;200;50;100;00;100;50;00;100;100,-2;0;0;0;2;0;1;0;1;0;0;-1;0,12000000,30000000,1,,"1848-0-4,1844-0-4,1847-0-4","-20,-19,-18,-17,-16,-15,-14,-13,-12,-11","80,81,82,83,84,85,86,87,88,90","-24,-24,-23,-22,-21,-20,-20,-19,-18,-17","80,81,82,83,84,85,86,87,88,90",,60,0,"36,16,100,27,6",47,wasteland,51,300,theater_area-20000512,2600,900411,
513,普通关卡,3,0,1;2;5,300,1;2;5,0,10,0,10,,,,100;0;50;0;200;50;100;00;100;50;00;100;100,-2;0;0;0;2;0;1;0;1;0;0;-1;0,30000000,50000000,1,,"490-0-4,1499-0-4,565-0-4","-10,-9,-8,-7,-6,-5,-4,-3,-2,-1","90,91,92,93,94,95,96,97,98,100","-16,-16,-15,-14,-13,-12,-12,-11,-10,-9","90,91,92,93,94,95,96,97,98,100",,60,0,"36,16,100,27,6",47,wasteland,51,300,theater_area-20000513,4200,900411,
514,要塞关卡,3,180,1;3;6,300,1;3;6,0,10,0,10,,,,100;0;50;0;200;50;100;00;100;50;00;100;100,-2;0;0;0;2;0;1;0;1;0;0;-1;0,50000000,105000000,2,,"901-1-4,568-1-4,900-0-4,904-0-4","-10,-9,-8,-7,-6,-5,-4,-3,-2,-1","100,101,102,103,104,105,106,107,108,110","-18,-18,-17,-16,-15,-14,-14,-13,-12,-11","100,101,102,103,104,105,106,107,108,110",700001-0,60,1046,"36,16,100,27,6",47,wasteland,51,300,theater_area-20000514,4800,900411,
515,普通关卡,4,0,1;4;7,300,1;4;7,0,10,0,10,,,,100;0;50;0;200;50;100;00;100;50;00;100;100,-2;0;0;0;2;0;1;0;1;0;0;-1;0,105000000,117000000,1,,"577-1-4,670-0-4,914-1-4","-10,-9,-9,-8,-8,-7,-7,-6,-6,-5","110,111,112,113,114,115,116,117,118,120","-20,-20,-20,-19,-19,-18,-18,-17,-17,-16","110,111,112,113,114,115,116,117,118,120",,60,0,"161,129,130,126,118",47,wasteland,51,300,theater_area-20000515,5200,900412,
516,普通关卡,4,"1006,1",1;2;3,300,1;2;3,0,10,0,10,,,,100;0;50;0;200;50;100;00;100;50;00;100;100,-2;0;0;0;2;0;1;0;1;0;0;-1;0,117000000,132000000,1,,"915-0-4,445-1-4,577-0-4,670-0-4","-5,-4,-4,-3,-3,-2,-2,-1,-1,0","120,121,122,123,124,125,126,127,128,130","-16,-16,-16,-15,-15,-14,-14,-13,-13,-12","120,121,122,123,124,125,126,127,128,130",,60,0,"161,129,130,126,118",47,wasteland,51,300,theater_area-20000516,5800,900412,
517,普通关卡,4,"1006,2;1008,1",1;2;5,300,1;2;5,0,10,0,10,,,,100;0;50;0;200;50;100;00;100;50;00;100;100,-2;0;0;0;2;0;1;0;1;0;0;-1;0,132000000,147000000,1,,"444-1-4,608-0-4,445-0-4","-10,-9,-9,-8,-8,-7,-7,-6,-6,-5","130,131,132,133,134,135,136,137,138,140","-22,-22,-22,-21,-21,-20,-20,-19,-19,-18","130,131,132,133,134,135,136,137,138,140",,60,0,"161,129,130,126,118",47,wasteland,51,300,theater_area-20000517,6400,900412,
518,要塞关卡,5,0,1;3;6,300,1;3;6,0,10,0,10,,,,100;0;50;0;200;50;100;00;100;50;00;100;100,-2;0;0;0;2;0;1;0;1;0;0;-1;0,147000000,195000000,2,,"939-0-4,938-1-4,442-0-4,2506-0-3","-5,-4,-4,-3,-3,-2,-2,-1,-1,0","140,141,142,143,144,145,146,147,148,150","-18,-18,-18,-17,-17,-16,-16,-15,-15,-14","140,141,142,143,144,145,146,147,148,150",700002-0,100,2205,"161,129,130,126,118",47,wasteland,51,300,theater_area-20000518,7500,900412,
521,普通关卡,1,0,1;4;7,300,1;4;7,0,10,0,10,,,,100;0;50;0;200;50;100;00;100;50;00;100;100,-2;0;0;0;2;0;1;0;1;0;0;-1;0,0,28000000,1,521,"939-0-4,938-1-4,669-0-4,333201-0-3","-10,-9,-8,-7,-6,-5,-4,-3,-2,-1","150,152,154,156,158,160,162,164,167,170","-32,-32,-31,-30,-30,-29,-29,-28,-27,-26","150,152,154,156,158,160,162,164,167,170",,60,0,"128,202,228,185,221",47,abandonedvillage,52,300,theater_area-20000521,7800,900421,
522,普通关卡,2,0,1;2;3,300,1;2;3,0,10,0,10,,,,100;0;50;0;200;50;100;00;100;50;00;100;100,-2;0;0;0;2;0;1;0;1;0;0;-1;0,28000000,73000000,1,,"637-0-4,637-1-4,638-1-4,333405-0-3","-10,-10,-10,-9,-9,-9,-9,-8,-8,-8","170,172,174,176,178,180,182,184,187,190","-24,-24,-24,-24,-24,-24,-24,-23,-23,-23","170,172,174,176,178,180,182,184,187,190",,60,0,"128,202,228,185,221",47,abandonedvillage,52,300,theater_area-20000522,8000,900421,
523,普通关卡,3,0,1;2;5,300,1;2;5,0,10,0,10,,,,100;0;50;0;200;50;100;00;100;50;00;100;100,-2;0;0;0;2;0;1;0;1;0;0;-1;0,73000000,123000000,1,,"642-1-4,639-0-4,640-0-4","-7,-7,-7,-6,-6,-6,-6,-5,-5,-5","190,192,194,196,198,200,202,204,207,210","-22,-22,-22,-21,-21,-21,-21,-20,-20,-20","190,192,194,196,198,200,202,204,207,210",,60,0,"128,202,228,185,221",47,abandonedvillage,52,300,theater_area-20000523,8500,900421,
524,要塞关卡,3,180,1;3;6,300,1;3;6,0,10,0,10,,,,100;0;50;0;200;50;100;00;100;50;00;100;100,-2;0;0;0;2;0;1;0;1;0;0;-1;0,123000000,258000000,2,,"643-0-4,2239-1-4,2237-0-4,1423-1-4","-4,-4,-4,-3,-3,-3,-3,-2,-2,-2","210,212,214,216,218,220,222,224,227,230","-20,-20,-20,-19,-19,-19,-19,-18,-18,-18","210,212,214,216,218,220,222,224,227,230",700003-1,60,2193,"128,202,228,185,221",47,abandonedvillage,52,300,theater_area-20000524,8800,900421,
525,普通关卡,4,0,1;4;7,300,1;4;7,0,10,0,10,,,,100;0;50;0;200;50;100;00;100;50;00;100;100,-2;0;0;0;2;0;1;0;1;0;0;-1;0,258000000,285000000,1,525,"1421-0-4,743-1-4,744-0-4,745-1-4","-11,-11,-11,-10,-10,-10,-10,-9,-9,-9","230,232,234,236,238,240,242,244,247,250","-27,-27,-27,-26,-26,-26,-26,-26,-26,-26","230,232,234,236,238,240,242,244,247,250",,60,0,"208,189,179,171,252",47,abandonedvillage,52,300,theater_area-20000525,9200,900422,
526,普通关卡,4,"1006,1",1;2;3,300,1;2;3,0,10,0,10,,,,100;0;50;0;200;50;100;00;100;50;00;100;100,-2;0;0;0;2;0;1;0;1;0;0;-1;0,285000000,320000000,1,,"747-0-4,748-1-4,808-0-4,808-1-4","-8,-8,-8,-7,-7,-7,-7,-6,-6,-6","250,252,254,256,258,260,262,264,267,270","-25,-25,-25,-24,-24,-24,-24,-23,-23,-23","250,252,254,256,258,260,262,264,267,270",,60,0,"208,189,179,171,252",47,abandonedvillage,52,300,theater_area-20000526,9600,900422,
527,普通关卡,4,"1006,2;1008,1",1;2;5,300,1;2;5,0,10,0,10,,,,100;0;50;0;200;50;100;00;100;50;00;100;100,-2;0;0;0;2;0;1;0;1;0;0;-1;0,320000000,350000000,1,,"807-1-4,810-0-4,743-0-4,804-1-4,334954-1-3,333901-1-2","-5,-5,-5,-4,-4,-4,-4,-3,-3,-3","270,272,274,276,278,280,282,284,287,290","-22,-22,-22,-22,-22,-22,-22,-21,-21,-21","270,272,274,276,278,280,282,284,287,290",,60,0,"208,189,179,171,252",47,abandonedvillage,52,300,theater_area-20000527,13000,900422,
528,要塞关卡,5,0,1;3;6,300,1;3;6,0,10,0,10,,,,100;0;50;0;200;50;100;00;100;50;00;100;100,-2;0;0;0;2;0;1;0;1;0;0;-1;0,350000000,465000000,2,,"1120-0-4,1123-1-4,1105-1-4,804-1-4,745-0-4,333901-1-2","-2,-2,-2,-1,-1,-1,-1,0,0,0","290,292,294,296,298,300,302,304,307,310","-20,-20,-20,-19,-19,-19,-19,-18,-18,-18","290,292,294,296,298,300,302,304,307,310",700005-0,60,3975,"208,189,179,171,252",47,abandonedvillage,52,300,theater_area-20000528,14500,900422,
531,普通关卡,1,0,1;4;7,300,1;4;7,0,10,0,10,,,,100;0;50;0;200;50;100;00;100;50;00;100;100,-2;0;0;0;2;0;1;0;1;0;0;-1;0,0,82000000,1,531,"317967-0-4,1390-1-4,1393-0-4,1429-0-4,334609-1-2","-10,-9,-8,-7,-6,-5,-4,-3,-2,-1","300,302,304,306,308,310,312,314,317,320","-39,-39,-38,-38,-37,-36,-36,-35,-34,-34","300,302,304,306,308,310,312,314,317,320",,60,0,"127,197,162,214,156",47,iron,53,300,theater_area-20000531,13000,900431,
532,普通关卡,2,0,1;2;3,300,1;2;3,0,10,0,10,,,,100;0;50;0;200;50;100;00;100;50;00;100;100,-2;0;0;0;2;0;1;0;1;0;0;-1;0,82000000,170000000,1,,"317976-0-3,1473-0-3,1475-1-3,1474-0-3,337252-1-2,337210-1-2","-10,-10,-9,-9,-8,-8,-7,-7,-6,-6","320,322,324,326,328,330,332,334,337,340","-28,-28,-28,-28,-27,-27,-26,-26,-25,-25","320,322,324,326,328,330,332,334,337,340",,60,0,"127,197,162,214,156",47,iron,53,300,theater_area-20000532,16000,900431,
533,要塞关卡,3,0,1;2;5,300,1;2;5,0,10,0,10,,,,100;0;50;0;200;50;100;00;100;50;00;100;100,-2;0;0;0;2;0;1;0;1;0;0;-1;0,170000000,545000000,2,,"317984-0-3,749-0-3,1194-0-3,1381-1-3,1385-0-3,337212-1-3","-5,-5,-4,-4,-3,-3,-2,-2,-1,-1","340,342,344,346,348,350,352,354,357,360","-24,-24,-24,-24,-23,-23,-22,-22,-21,-21","340,342,344,346,348,350,352,354,357,360",700001-0,60,3493,"127,197,162,214,156",47,iron,53,300,theater_area-20000533,20000,900431,
534,普通关卡,3,180,1;3;6,300,1;3;6,0,10,0,10,,,,100;0;50;0;200;50;100;00;100;50;00;100;100,-2;0;0;0;2;0;1;0;1;0;0;-1;0,545000000,627000000,1,534,"317975-0-3,1563-0-3,1564-1-3,2387-0-3,335203-1-3","-10,-10,-9,-9,-8,-8,-7,-7,-6,-6","360,362,364,366,368,370,372,374,377,380","-30,-30,-30,-30,-29,-29,-28,-28,-27,-27","360,362,364,366,368,370,372,374,377,380",,60,0,"127,197,162,214,156",47,iron,53,300,theater_area-20000534,22000,900432,
535,普通关卡,4,0,1;4;7,300,1;4;7,0,10,0,10,,,,100;0;50;0;200;50;100;00;100;50;00;100;100,-2;0;0;0;2;0;1;0;1;0;0;-1;0,627000000,702000000,1,,"2677-0-3,1791-0-3,1792-0-3,335204-1-3","-5,-5,-4,-4,-4,-3,-3,-3,-2,-2","380,382,384,386,388,390,392,394,397,400","-26,-26,-26,-26,-26,-25,-25,-25,-24,-24","380,382,384,386,388,390,392,394,397,400",,60,0,"194,115,46,53,261",47,iron,53,300,theater_area-20000535,26000,900432,
536,要塞关卡,4,"1006,1",1;2;3,300,1;2;3,0,10,0,10,,,,100;0;50;0;200;50;100;00;100;50;00;100;100,-2;0;0;0;2;0;1;0;1;0;0;-1;0,702000000,1002000000,2,536,"2227-0-2,1823-0-2,1990-1-2,2002-0-2,2671-0-2,334707-1-3,335302-1-3","-11,-11,-10,-10,-10,-9,-9,-9,-8,-8","400,402,404,406,408,410,412,414,417,420","-33,-33,-32,-32,-32,-32,-32,-32,-31,-31","400,402,404,406,408,410,412,414,417,420",700004-1,60,5329,"194,115,46,53,261",47,iron,53,300,theater_area-20000536,27500,900432,
537,普通关卡,4,"1006,2;1008,1",1;2;5,300,1;2;5,0,10,0,10,,,,100;0;50;0;200;50;100;00;100;50;00;100;100,-2;0;0;0;2;0;1;0;1;0;0;-1;0,1002000000,1130000000,1,,"2227-0-2,2222-0-2,1738-0-2,1768-0-2,1795-0-3,334707-1-3","-7,-7,-6,-6,-6,-5,-5,-5,-4,-4","420,422,424,426,428,430,432,434,437,440","-30,-30,-29,-29,-29,-28,-28,-28,-28,-28","420,422,424,426,428,430,432,434,437,440",,60,0,"194,115,46,53,261",47,iron,53,300,theater_area-20000537,29000,900432,
538,要塞关卡,5,0,1;3;6,300,1;3;6,0,10,0,10,,,,100;0;50;0;200;50;100;00;100;50;00;100;100,-2;0;0;0;2;0;1;0;1;0;0;-1;0,1130000000,1640000000,2,,"2667-0-2,1999-1-3,1985-0-3,1795-0-2,1999-0-3,335904-0-1,337250-1-2","-3,-3,-2,-2,-2,-1,-1,-1,0,0","440,442,444,446,448,450,452,454,457,460","-27,-27,-26,-26,-26,-25,-25,-25,-24,-24","440,442,444,446,448,450,452,454,457,460",700005-0,60,7322,"194,115,46,53,261",47,iron,53,300,theater_area-20000538,31000,900432,
541,普通关卡,1,0,1;4;7,300,1;4;7,0,10,0,10,,,,100;0;50;0;200;50;100;00;100;50;00;100;100,-2;0;0;0;2;0;1;0;1;0;0;-1;0,0,170000000,1,541,"490-1-4,565-0-4,1843-0-4","-30,-28,-26,-24,-22,-20,-18,-16,-14,-12","410,420,430,440,450,460,470,480,490,500","-34,-33,-32,-31,-29,-28,-27,-25,-24,-23","410,420,430,440,450,460,470,480,490,500",,60,0,"161,129,130,126,118",47,snowland,54,300,theater_area-20000541,2400,900441,
542,普通关卡,2,0,1;2;3,300,1;2;3,0,10,0,10,,,,100;0;50;0;200;50;100;00;100;50;00;100;100,-2;0;0;0;2;0;1;0;1;0;0;-1;0,170000000,360000000,1,542,"1004-1-4,1043-0-4,1041-0-4,1044-1-4,568-0-4,2506-0-3","-20,-18,-16,-14,-12,-10,-8,-6,-4,-2","510,520,530,540,550,560,570,580,590,600","-26,-25,-23,-22,-20,-18,-17,-15,-14,-12","510,520,530,540,550,560,570,580,590,600",,60,0,"161,129,130,126,118",47,snowland,54,300,theater_area-20000542,4800,900441,
543,要塞关卡,3,0,1;2;5,300,1;2;5,0,10,0,10,,,,100;0;50;0;200;50;100;00;100;50;00;100;100,-2;0;0;0;2;0;1;0;1;0;0;-1;0,360000000,1090000000,2,543,"939-1-4,938-1-4,669-0-4,672-0-4,637-0-4,334910-1-2","-20,-18,-16,-14,-12,-10,-8,-6,-4,-2","610,620,630,640,650,660,670,680,690,700","-30,-29,-27,-26,-24,-22,-21,-19,-18,-16","610,620,630,640,650,660,670,680,690,700",700002-0,60,6550,"161,129,130,126,118",47,snowland,54,300,theater_area-20000543,6400,900441,
544,普通关卡,3,180,1;3;6,300,1;3;6,0,10,0,10,,,,100;0;50;0;200;50;100;00;100;50;00;100;100,-2;0;0;0;2;0;1;0;1;0;0;-1;0,1090000000,1300000000,1,,"745-1-3,747-0-3,748-1-3,808-0-3,804-0-3,334954-1-2,333804-1-2,334606-1-2","-20,-18,-16,-14,-12,-10,-8,-6,-4,-2","710,720,730,740,750,760,770,780,790,800","-34,-33,-31,-30,-28,-26,-25,-23,-22,-20","710,720,730,740,750,760,770,780,790,800",,60,0,"208,189,179,171,252",47,snowland,54,300,theater_area-20000544,14000,900442,
545,普通关卡,4,0,1;4;7,300,1;4;7,0,10,0,10,,,,100;0;50;0;200;50;100;00;100;50;00;100;100,-2;0;0;0;2;0;1;0;1;0;0;-1;0,1300000000,1450000000,1,,"317968-0-2,1791-0-3,1792-1-3,1981-0-3,1823-1-3,2414-0-3,334707-1-3,337211-1-3","-20,-18,-16,-14,-12,-10,-9,-8,-7,-6","810,820,830,840,850,860,870,880,890,900","-38,-37,-35,-34,-32,-30,-30,-29,-28,-27","810,820,830,840,850,860,870,880,890,900",,60,0,"208,189,179,171,252",47,snowland,54,300,theater_area-20000545,25000,900442,
546,要塞关卡,4,"1006,1",1;2;3,300,1;2;3,0,10,0,10,,,,100;0;50;0;200;50;100;00;100;50;00;100;100,-2;0;0;0;2;0;1;0;1;0;0;-1;0,1450000000,1880000000,2,,"2624-0-2,2740-1-2,2720-1-3,2778-0-3,2701-0-2,2727-1-4,336410-1-3,336406-1-3,337255-1-2","-15,-9,-8,-7,-6,-5,-4,-3,-2,-1","910,920,930,940,950,960,970,980,990,1000","-36,-32,-31,-30,-29,-28,-28,-27,-26,-25","910,920,930,940,950,960,970,980,990,1000",700003-1,60,11380,"208,189,179,171,252",47,snowland,54,300,theater_area-20000546,28000,900442,
547,普通关卡,4,"1006,2;1008,1",1;2;5,300,1;2;5,0,10,0,10,,,,100;0;50;0;200;50;100;00;100;50;00;100;100,-2;0;0;0;2;0;1;0;1;0;0;-1;0,1880000000,2080000000,1,,"2730-1-3,2691-0-2,2740-1-3,2723-0-2,2778-0-3,2701-0-2,336605-1-2,336410-1-2,336813-1-2,336304-0-2","-5,-4,-3,-2,-1,0,1,2,3,4","1010,1020,1030,1040,1050,1060,1070,1080,1090,1100","-29,-29,-28,-27,-26,-25,-25,-24,-23,-22","1010,1020,1030,1040,1050,1060,1070,1080,1090,1100",,60,0,"194,115,46,53,261",47,snowland,54,300,theater_area-20000547,30000,900443,
548,要塞关卡,5,0,1;3;6,300,1;3;6,0,10,0,10,,,,100;0;50;0;200;50;100;00;100;50;00;100;100,-2;0;0;0;2;0;1;0;1;0;0;-1;0,2080000000,2180000000,2,,"2691-0-2,2730-1-2,317972-1-2,2740-1-3,2720-0-3,336609-1-2,336613-1-2,336707-1-2,336304-1-3,334999-0-2","5,6,7,8,9,10,11,12,13,14","1110,1120,1130,1140,1150,1160,1170,1180,1190,1200","5,6,7,8,9,10,11,12,13,14","1110,1120,1130,1140,1150,1160,1170,1180,1190,1200",700006-0,100,16142,"194,115,46,53,261",47,snowland,54,300,theater_area-20000548,34000,900443,
611,普通关卡,1,0,1;4;7,1000,1;4;7,0,0,0,0,"2-13-2-5,16|1-14-2-7,9",1-3,,127;38;29;58;0;7;-100;-20;-36;-71;-81;-81;-81,0;0;0;0;0;0;0;0;0;0;0;0;0,0,12000000,1,611,"390150-0-3,317967-0-3,1390-1-4,1393-0-4,1429-0-4,334609-1-2","-30,-29,-28,-27,-26,-25,-24,-23,-22,-21","70,71,72,73,74,75,76,77,78,80","-34,-34,-33,-32,-32,-31,-31,-30,-29,-28","70,71,72,73,74,75,76,77,78,80",,60,0,"287,150,13,6,27",47,wasteland,61,300,theater_area-20000611,1000,900411,
612,普通关卡,2,0,1;2;3,1000,1;2;3,0,5,0,6,"3-13-1-25,16",,,127;38;29;58;0;7;-100;-20;-36;-71;-81;-81;-81,0;0;0;0;0;0;0;0;0;0;0;0;0,12000000,30000000,1,,"362915-0-3,317976-0-3,1473-0-3,1475-1-3,337252-1-2,337210-1-2","-20,-19,-18,-17,-16,-15,-14,-13,-12,-11","80,81,82,83,84,85,86,87,88,90","-24,-24,-23,-22,-21,-20,-20,-19,-18,-17","80,81,82,83,84,85,86,87,88,90",,60,0,"287,150,13,6,27",47,wasteland,61,300,theater_area-20000612,2600,900411,
613,普通关卡,3,0,1;2;5,1000,1;2;5,0,5,0,12,3-13-1-105,,,127;38;29;58;0;7;-100;-20;-36;-71;-81;-81;-81,0;0;0;0;0;0;0;0;0;0;0;0;0,30000000,50000000,1,,"600001-1-3,317984-0-3,749-0-3,1194-0-3,1381-1-3,1385-0-3,337212-1-3","-10,-9,-8,-7,-6,-5,-4,-3,-2,-1","90,91,92,93,94,95,96,97,98,100","-16,-16,-15,-14,-13,-12,-12,-11,-10,-9","90,91,92,93,94,95,96,97,98,100",,60,0,"287,150,13,6,27",47,wasteland,61,300,theater_area-20000613,4200,900411,
614,要塞关卡,3,180,1;3;6,1000,1;3;6,0,10,0,20,,1-3,,252;-32;80;58;0;7;-100;-20;-36;-71;-81;-81;-81,2;-1;1;0;0;0;0;0;0;0;0;0;0,50000000,105000000,2,,"2398-1-2-1,317975-0-3,1563-0-3,1564-1-3,2387-0-3,335203-1-3","-10,-9,-8,-7,-6,-5,-4,-3,-2,-1","100,101,102,103,104,105,106,107,108,110","-18,-18,-17,-16,-15,-14,-14,-13,-12,-11","100,101,102,103,104,105,106,107,108,110",700001-0,60,1046,"287,150,13,6,27",47,wasteland,61,300,theater_area-20000614,4800,900411,
615,普通关卡,4,0,1;4;7,1000,1;4;7,0,12,0,30,,,1-1,127;38;29;58;0;7;-100;-20;-36;-71;-81;-81;-81,0;0;0;0;0;0;0;0;0;0;0;0;0,105000000,117000000,1,,"334107-1-2,2677-0-3,1791-0-3,1792-0-3,335204-1-3","-10,-9,-9,-8,-8,-7,-7,-6,-6,-5","183,184,186,188,189,191,193,194,196,199","-20,-20,-20,-19,-19,-18,-18,-17,-17,-16","183,184,186,188,189,191,193,194,196,199",,60,0,"129,130,236,304,9",47,wasteland,61,300,theater_area-20000615,5200,900412,
616,普通关卡,4,"10041,1",1;2;3,1000,1;2;3,0,15,0,40,3-13-1-105,1-1,,127;38;29;58;0;7;-100;-20;-36;-71;-81;-81;-81,0;0;0;0;0;0;0;0;0;0;0;0;0,117000000,132000000,1,,"2606-1-2-1,2608-0-2,2616-1-2,2634-0-2,2700-0-4,2712-1-3,2715-1-3","-5,-4,-4,-3,-3,-2,-2,-1,-1,0","193,195,196,198,200,201,203,204,206,209","-16,-16,-16,-15,-15,-14,-14,-13,-13,-12","193,195,196,198,200,201,203,204,206,209",,60,0,"129,130,236,304,9",47,wasteland,61,300,theater_area-20000616,5800,900412,
617,普通关卡,4,"10007,2;10005,1",1;2;5,1000,1;2;5,0,20,0,100,"2-13-2-5,16",,,127;38;29;58;0;7;-100;-20;-36;-71;-81;-81;-81,0;0;0;0;0;0;0;0;0;0;0;0;0,132000000,147000000,1,,"2398-0-4,2398-0-4,2398-0-4,2398-0-3,2398-1-3","-10,-9,-9,-8,-8,-7,-7,-6,-6,-5","203,205,206,208,210,211,213,214,216,219","-22,-22,-22,-21,-21,-20,-20,-19,-19,-18","203,205,206,208,210,211,213,214,216,219",,60,0,"129,130,236,304,9",47,wasteland,61,300,theater_area-20000617,6400,900412,
618,要塞关卡,5,0,1;3;6,1000,1;3;6,0,50,0,200,,,,190;38;29;58;100;7;-100;-20;-36;-82;-81;-81;-91,1;0;0;0;2;0;0;0;-1;0;0;0;-2,147000000,195000000,2,,"411004-0-3-1,411306-1-2-1,9130113-1-1-1,2667-0-2,1999-1-3,1795-0-2,1999-0-3,335904-0-1,337250-1-2","-5,-4,-4,-3,-3,-2,-2,-1,-1,0","213,215,217,218,220,221,223,224,226,229","-18,-18,-18,-17,-17,-16,-16,-15,-15,-14","213,215,217,218,220,221,223,224,226,229",700002-0,100,2205,"129,130,236,304,9",47,wasteland,61,300,theater_area-20000618,7500,900412,
621,普通关卡,1,0,1;4;7,1500,1;4;7,0,0,0,0,,,,127;38;29;58;0;7;-100;-20;-36;-71;-81;-81;-81,0;0;0;0;0;0;0;0;0;0;0;0;0,0,28000000,1,621,"390150-0-3,317967-0-3,1390-1-4,1393-0-4,1429-0-4,334609-1-2","-10,-9,-8,-7,-6,-5,-4,-3,-2,-1","150,152,154,156,158,160,162,164,167,170","-32,-32,-31,-30,-30,-29,-29,-28,-27,-26","150,152,154,156,158,160,162,164,167,170",,60,0,"62,185,297,286,221,20221",47,abandonedvillage,62,300,theater_area-20000621,7800,900421,"1011,1002"
622,普通关卡,2,0,1;2;3,1500,1;2;3,0,5,0,6,,,,127;38;29;58;0;7;-100;-20;-36;-71;-81;-81;-81,0;0;0;0;0;0;0;0;0;0;0;0;0,28000000,73000000,1,,"362915-0-3,317976-0-3,1473-0-3,1475-1-3,337252-1-2,337210-1-2","-10,-10,-10,-9,-9,-9,-9,-8,-8,-8","170,172,174,176,178,180,182,184,187,190","-24,-24,-24,-24,-24,-24,-24,-23,-23,-23","170,172,174,176,178,180,182,184,187,190",,60,0,"62,185,297,286,221,20221",47,abandonedvillage,62,300,theater_area-20000622,8000,900421,1012
623,普通关卡,3,0,1;2;5,1500,1;2;5,0,5,0,12,,,,127;38;29;58;0;7;-100;-20;-36;-71;-81;-81;-81,0;0;0;0;0;0;0;0;0;0;0;0;0,73000000,123000000,1,,"600001-1-3,317984-0-3,749-0-3,1194-0-3,1381-1-3,1385-0-3,337212-1-3","-7,-7,-7,-6,-6,-6,-6,-5,-5,-5","190,192,194,196,198,200,202,204,207,210","-22,-22,-22,-21,-21,-21,-21,-20,-20,-20","190,192,194,196,198,200,202,204,207,210",,60,0,"62,185,297,286,221,20221",47,abandonedvillage,62,300,theater_area-20000623,8500,900421,1013
624,要塞关卡,3,180,1;3;6,1500,1;3;6,0,10,0,20,,,,252;-32;80;58;0;7;-100;-20;-36;-71;-81;-81;-81,2;-1;1;0;0;0;0;0;0;0;0;0;0,123000000,258000000,2,,"2398-1-2-1,317975-0-3,1563-0-3,1564-1-3,2387-0-3,335203-1-3","-4,-4,-4,-3,-3,-3,-3,-2,-2,-2","210,212,214,216,218,220,222,224,227,230","-20,-20,-20,-19,-19,-19,-19,-18,-18,-18","210,212,214,216,218,220,222,224,227,230",700003-1,60,2193,"62,185,297,286,221,20221",47,abandonedvillage,62,300,theater_area-20000624,8800,900421,1014
625,普通关卡,4,0,1;4;7,1500,1;4;7,0,12,0,30,,,,127;38;29;58;0;7;-100;-20;-36;-71;-81;-81;-81,0;0;0;0;0;0;0;0;0;0;0;0;0,258000000,285000000,1,625,"334107-1-2,2677-0-3,1791-0-3,1792-0-3,335204-1-3","-11,-11,-11,-10,-10,-10,-10,-9,-9,-9","324,327,330,333,336,339,341,344,348,353","-27,-27,-27,-26,-26,-26,-26,-26,-26,-26","324,327,330,333,336,339,341,344,348,353",,60,0,"296,307,189,171,256",47,abandonedvillage,62,300,theater_area-20000625,9200,900422,2001
626,普通关卡,4,"10041,1",1;2;3,1500,1;2;3,0,15,0,40,,,,127;38;29;58;0;7;-100;-20;-36;-71;-81;-81;-81,0;0;0;0;0;0;0;0;0;0;0;0;0,285000000,320000000,1,,"2606-1-2-1,2608-0-2,2616-1-2,2634-0-2,2700-0-4,2712-1-3,2715-1-3","-8,-8,-8,-7,-7,-7,-7,-6,-6,-6","345,347,350,353,356,358,361,364,368,372","-25,-25,-25,-24,-24,-24,-24,-23,-23,-23","345,347,350,353,356,358,361,364,368,372",,60,0,"296,307,189,171,256",47,abandonedvillage,62,300,theater_area-20000626,9600,900422,2002
627,普通关卡,4,"10007,2;10005,1",1;2;5,1500,1;2;5,0,20,0,100,,,,127;38;29;58;0;7;-100;-20;-36;-71;-81;-81;-81,0;0;0;0;0;0;0;0;0;0;0;0;0,320000000,350000000,1,,"2398-0-4,2398-0-4,2398-0-4,2398-0-3,2398-1-3","-5,-5,-5,-4,-4,-4,-4,-3,-3,-3","365,368,370,373,376,378,381,384,388,392","-22,-22,-22,-22,-22,-22,-22,-21,-21,-21","365,368,370,373,376,378,381,384,388,392",,60,0,"296,307,189,171,256",47,abandonedvillage,62,300,theater_area-20000627,13000,900422,2003
628,要塞关卡,5,0,1;3;6,1500,1;3;6,0,50,0,200,,,,190;38;29;58;100;7;-100;-20;-36;-82;-81;-81;-91,1;0;0;0;2;0;0;0;-1;0;0;0;-2,350000000,465000000,2,,"411004-0-3-1,411306-1-2-1,9130113-1-1-1,2667-0-2,1999-1-3,1795-0-2,1999-0-3,335904-0-1,337250-1-2","-2,-2,-2,-1,-1,-1,-1,0,0,0","385,388,390,393,396,398,401,404,408,412","-20,-20,-20,-19,-19,-19,-19,-18,-18,-18","385,388,390,393,396,398,401,404,408,412",700005-0,60,3975,"296,307,189,171,256",47,abandonedvillage,62,300,theater_area-20000628,14500,900422,2004
631,普通关卡,1,0,1,2000,,0,0,0,0,"2-13-2-5,16|1-14-2-7,9",1-3,,127;38;29;58;0;7;-100;-20;-36;-71;-81;-81;-81,0;0;0;0;0;0;0;0;0;0;0;0;0,0,82000000,1,631,"390150-0-3,317967-0-3,1390-1-4,1393-0-4,1429-0-4,334609-1-2","-10,-9,-8,-7,-6,-5,-4,-3,-2,-1","300,302,304,306,308,310,312,314,317,320","-39,-39,-38,-38,-37,-36,-36,-35,-34,-34","300,302,304,306,308,310,312,314,317,320",,60,0,"127,245,270,295,288",47,iron,63,300,theater_area-20000631,13000,900431,"1011,1002"
632,普通关卡,2,0,1;2,2000,1,0,5,0,6,"3-13-1-25,16|2-14-1-105",,,127;38;29;58;0;7;-100;-20;-36;-71;-81;-81;-81,0;0;0;0;0;0;0;0;0;0;0;0;0,82000000,170000000,1,,"362915-0-3,317976-0-3,1473-0-3,1475-1-3,337252-1-2,337210-1-2","-10,-10,-9,-9,-8,-8,-7,-7,-6,-6","320,322,324,326,328,330,332,334,337,340","-28,-28,-28,-28,-27,-27,-26,-26,-25,-25","320,322,324,326,328,330,332,334,337,340",,60,0,"127,245,270,295,288",47,iron,63,300,theater_area-20000632,16000,900431,1012
633,要塞关卡,3,0,1;3,2000,1;2,0,5,0,12,"3-13-1-25,16|2-14-1-105",,,190;38;29;58;100;7;-100;-20;-36;-82;-81;-81;-91,1;0;0;0;2;1;0;1;-1;0;0;0;-2,170000000,545000000,2,,"600001-1-3,317984-0-3,749-0-3,1194-0-3,1381-1-3,1385-0-3,337212-1-3","-5,-5,-4,-4,-3,-3,-2,-2,-1,-1","340,342,344,346,348,350,352,354,357,360","-24,-24,-24,-24,-23,-23,-22,-22,-21,-21","340,342,344,346,348,350,352,354,357,360",700001-0,60,3493,"127,245,270,295,288",47,iron,63,300,theater_area-20000633,20000,900431,1013
634,普通关卡,3,30,1;2;4,2000,1;3;6,0,10,0,20,,1-3,,127;38;29;58;0;7;-100;-20;-36;-71;-81;-81;-81,0;0;0;0;0;0;0;0;0;0;0;0;0,545000000,627000000,1,634,"2398-1-2-1,317975-0-3,1563-0-3,1564-1-3,2387-0-3,335203-1-3","-10,-10,-9,-9,-8,-8,-7,-7,-6,-6","480,483,486,488,491,494,496,499,503,507","-30,-30,-30,-30,-29,-29,-28,-28,-27,-27","480,483,486,488,491,494,496,499,503,507",,60,0,"127,245,270,295,288",47,iron,63,300,theater_area-20000634,22000,900432,1014
635,普通关卡,4,0,1;5;6,2000,1;4;7;2,0,12,0,30,,,1-1,127;38;29;58;0;7;-100;-20;-36;-71;-81;-81;-81,0;0;0;0;0;0;0;0;0;0;0;0;0,627000000,702000000,1,,"334107-1-2,2677-0-3,1791-0-3,1792-0-3,335204-1-3","-5,-5,-4,-4,-4,-3,-3,-3,-2,-2","501,503,506,509,511,514,516,519,523,527","-26,-26,-26,-26,-26,-25,-25,-25,-24,-24","501,503,506,509,511,514,516,519,523,527",,60,0,"115,46,313,260,312",47,iron,63,300,theater_area-20000635,26000,900432,2001
636,要塞关卡,4,"10041,1",1;7;8,2000,1;2;3;4;7,0,15,0,40,3-13-1-105,1-1,,127;38;29;58;0;7;-100;-20;-36;-71;-81;-81;-81,0;0;0;0;0;0;0;0;0;0;0;0;0,702000000,1002000000,2,636,"2606-1-2-1,2608-0-2,2616-1-2,2634-0-2,2700-0-4,2712-1-3,2715-1-3","-11,-11,-10,-10,-10,-9,-9,-9,-8,-8","521,523,526,529,531,534,536,539,543,547","-33,-33,-32,-32,-32,-32,-32,-32,-31,-31","521,523,526,529,531,534,536,539,543,547",700004-1,60,5329,"115,46,313,260,312",47,iron,63,300,theater_area-20000636,27500,900432,2002
637,普通关卡,4,"10007,2;10005,1",1;9;10,2000,1;2;5,0,20,0,100,"2-13-2-5,16",,,127;38;29;58;0;7;-100;-20;-36;-71;-81;-81;-81,0;0;0;0;0;0;0;0;0;0;0;0;0,1002000000,1130000000,1,,"2398-0-4,2398-0-4,2398-0-4,2398-0-3,2398-1-3","-7,-7,-6,-6,-6,-5,-5,-5,-4,-4","697,700,703,707,710,713,717,720,725,730","-30,-30,-29,-29,-29,-28,-28,-28,-28,-28","697,700,703,707,710,713,717,720,725,730",,60,0,"115,46,313,260,312",47,iron,63,300,theater_area-20000637,29000,900432,2003
638,要塞关卡,5,0,1;11;12,2000,1;3;6,0,50,0,200,,,,127;38;29;58;0;107;-100;-20;-36;-71;-91;-81;-81,0;0;0;0;0;2;0;0;0;0;-2;0;0,1130000000,1640000000,2,,"411004-0-3-1,411306-1-2-1,9130113-1-1-1,2667-0-2,1999-1-3,1795-0-2,1999-0-3,335904-0-1,337250-1-2","-3,-3,-2,-2,-2,-1,-1,-1,0,0","717,720,724,727,730,733,737,740,745,750","-27,-27,-26,-26,-26,-25,-25,-25,-24,-24","717,720,724,727,730,733,737,740,745,750",700005-0,60,7322,"115,46,313,260,312",47,iron,63,300,theater_area-20000638,31000,900432,2004
641,普通关卡,1,0,1;4;7,1000,1;4;7,0,0,0,0,"2-13-2-5,16|1-14-2-7,9",1-3,,127;38;29;58;0;7;-100;-20;-36;-71;-81;-81;-81,0;0;0;0;0;0;0;0;0;0;0;0;0,0,170000000,1,641,"390150-0-3,317967-0-3,1390-1-4,1393-0-4,1429-0-4,334609-1-2","-30,-28,-26,-24,-22,-20,-18,-16,-14,-12","410,420,430,440,450,460,470,480,490,500","-34,-33,-32,-31,-29,-28,-27,-25,-24,-23","410,420,430,440,450,460,470,480,490,500",,60,0,"129,130,236,304,9",47,snowland,64,300,theater_area-20000641,2400,900441,
642,普通关卡,2,0,1;2;3,1200,1;2;3,0,5,0,6,"3-13-1-25,16",,,127;38;29;58;0;7;-100;-20;-36;-71;-81;-81;-81,0;0;0;0;0;0;0;0;0;0;0;0;0,170000000,360000000,1,642,"362915-0-3,317976-0-3,1473-0-3,1475-1-3,337252-1-2,337210-1-2","-20,-18,-16,-14,-12,-10,-8,-6,-4,-2","510,520,530,540,550,560,570,580,590,600","-26,-25,-23,-22,-20,-18,-17,-15,-14,-12","510,520,530,540,550,560,570,580,590,600",,60,0,"129,130,236,304,9",47,snowland,64,300,theater_area-20000642,4800,900441,
643,要塞关卡,3,0,1;2;5,1500,1;2;5,0,5,0,12,3-13-1-105,,,127;38;29;58;0;7;-100;-20;-36;-71;-81;-81;-81,0;-2;2;0;0;0;0;0;0;2;1;0;0,360000000,1090000000,2,643,"600001-1-3,317984-0-3,749-0-3,1194-0-3,1381-1-3,1385-0-3,337212-1-3","-20,-18,-16,-14,-12,-10,-8,-6,-4,-2","610,620,630,640,650,660,670,680,690,700","-30,-29,-27,-26,-24,-22,-21,-19,-18,-16","610,620,630,640,650,660,670,680,690,700",700002-0,60,6550,"129,130,236,304,9",47,snowland,64,300,theater_area-20000643,6400,900441,
644,普通关卡,3,180,1;3;6,2000,1;3;6,0,10,0,20,,1-3,,127;38;29;58;0;7;-100;-20;-36;-71;-81;-81;-81,0;0;0;0;0;0;0;0;0;0;0;0;0,1090000000,1300000000,1,,"2398-1-2-1,317975-0-3,1563-0-3,1564-1-3,2387-0-3,335203-1-3","-20,-18,-16,-14,-12,-10,-8,-6,-4,-2","882,895,907,919,932,944,957,969,982,994","-34,-33,-31,-30,-28,-26,-25,-23,-22,-20","882,895,907,919,932,944,957,969,982,994",,60,0,"296,307,189,171,256",47,snowland,64,300,theater_area-20000644,14000,900442,
645,普通关卡,4,0,1;4;7,2500,1;4;7,0,12,0,30,,,1-1,127;38;29;58;0;7;-100;-20;-36;-71;-81;-81;-81,0;0;0;0;0;0;0;0;0;0;0;0;0,1300000000,1450000000,1,,"334107-1-2,2677-0-3,1791-0-3,1792-0-3,335204-1-3","-20,-18,-16,-14,-12,-10,-9,-8,-7,-6","983,996,1008,1020,1032,1044,1056,1068,1081,1093","-38,-37,-35,-34,-32,-30,-30,-29,-28,-27","983,996,1008,1020,1032,1044,1056,1068,1081,1093",,60,0,"296,307,189,171,256",47,snowland,64,300,theater_area-20000645,25000,900442,
646,要塞关卡,4,"10041,1",1;2;3,3000,1;2;3,0,15,0,40,3-13-1-105,1-1,,127;38;29;58;0;7;-100;-20;-36;-71;-81;-81;-81,0;0;0;0;0;0;0;0;0;0;0;0;0,1450000000,1880000000,2,,"2606-1-2-1,2608-0-2,2616-1-2,2634-0-2,2700-0-4,2712-1-3,2715-1-3","-15,-9,-8,-7,-6,-5,-4,-3,-2,-1","1084,1096,1108,1120,1132,1144,1156,1168,1180,1192","-36,-32,-31,-30,-29,-28,-28,-27,-26,-25","1084,1096,1108,1120,1132,1144,1156,1168,1180,1192",700003-1,60,11380,"296,307,189,171,256",47,snowland,64,300,theater_area-20000646,28000,900442,
647,普通关卡,4,"10007,2;10005,1",1;4;7,4000,1;4;7,0,20,0,100,"2-13-2-5,16",,,127;38;29;58;0;7;-100;-20;-36;-71;-81;-81;-81,0;0;0;0;0;0;0;0;0;0;0;0;0,1880000000,2080000000,1,,"2398-0-4,2398-0-4,2398-0-4,2398-0-3,2398-1-3","-5,-4,-3,-2,-1,0,1,2,3,4","1450,1464,1478,1493,1507,1521,1536,1550,1564,1579","-29,-29,-28,-27,-26,-25,-25,-24,-23,-22","1450,1464,1478,1493,1507,1521,1536,1550,1564,1579",,60,0,"115,46,313,260,312",47,snowland,64,300,theater_area-20000647,30000,900443,
648,要塞关卡,5,0,1;2;3,5000,1;2;3,0,50,0,200,,,,127;38;29;58;0;7;-100;-20;-36;-71;-81;-81;-81,1;1;1;1;1;1;1;1;1;1;1;1;1,2080000000,2180000000,2,,"411004-0-3-1,411306-1-2-1,9130113-1-1-1,2667-0-2,1999-1-3,1795-0-2,1999-0-3,335904-0-1,337250-1-2","5,6,7,8,9,10,11,12,13,14","1551,1565,1579,1593,1607,1621,1635,1649,1663,1677","5,6,7,8,9,10,11,12,13,14","1551,1565,1579,1593,1607,1621,1635,1649,1663,1677",700007-0,100,16142,"115,46,313,260,312",47,snowland,64,300,theater_area-20000648,34000,900443,
711,普通关卡,1,0,1,1000,737,0,5,0,36,,,,7;4;4;5;2;3;1;3;2;1;1;1;1,0;0;0;0;0;0;0;0;0;0;0;0;0,0,7450000,1,711,"1071101-0-1-1,1071102-0-1-1,1071103-0-1-1","-7,-7,-7,-6,-6,-6,-6,0,0,0","0,0,0,0,0,0,0,0,0,0","-11,-11,-10,-10,-10,-9,-9,-9,-8,-8","0,0,0,0,0,0,0,0,0,0",,60,0,"330,27,10,13,328,115",47,wasteland,71,300,theater_area-20000711,1000,901411,
712,普通关卡,2,0,1,1000,736,0,5,0,36,,,,7;4;4;5;2;3;1;3;2;1;1;1;1,0;0;0;0;0;0;0;0;0;0;0;0;0,7450000,11690000,1,,"1071201-0-1-1,1071202-0-1-1,1071203-0-1-1,1071204-0-1-1","-2,-2,-2,-1,-1,-1,-1,0,0,0","0,0,0,0,0,0,0,0,0,0","-11,-11,-10,-10,-10,-9,-9,-9,-8,-8","0,0,0,0,0,0,0,0,0,0",,60,0,"330,27,10,13,328,115",47,network,71,300,theater_area-20000712,2600,901411,
713,普通关卡,1,0,1,1000,738,0,5,0,36,,,,7;4;4;5;2;3;1;3;2;1;1;1;1,0;0;0;0;0;0;0;0;0;0;0;0;0,11690000,15130000,1,,"1071301-0-1-1,1071302-0-1-1,1071303-0-1-1,1071304-0-1-1","-7,-7,-7,-6,-6,-6,-6,0,0,0","0,0,0,0,0,0,0,0,0,0","-11,-11,-10,-10,-10,-9,-9,-9,-8,-8","0,0,0,0,0,0,0,0,0,0",,60,0,"330,27,10,13,328,115",47,wasteland,71,300,theater_area-20000713,4200,901411,
714,要塞关卡,2,0,1,1000,703,0,5,0,36,,,,11;6;4;7;2;3;1;3;2;1;1;1;1,1;1;0;1;0;0;0;0;0;0;0;0;0,15130000,35370000,2,,"1071401-0-1-1,1071402-0-1-1,1071403-0-1-1,1071404-0-1-1","-2,-2,-2,-1,-1,-1,-1,0,0,0","0,0,0,0,0,0,0,0,0,0","-11,-11,-10,-10,-10,-9,-9,-9,-8,-8","0,0,0,0,0,0,0,0,0,0",700002-0,60,1046,"330,27,10,13,328,115",47,network,71,300,theater_area-20000714,4800,901411,
715,普通关卡,3,40,1,2000,720,0,5,0,36,,,,11;6;6;7;3;5;1;5;3;1;1;1;1,0;0;0;0;0;0;0;0;0;0;0;0;0,35370000,47030000,1,,"1071501-0-1-1,1071502-0-1-1,1071503-0-1-1,1071504-0-1-1,1071505-0-1-1","-12,-12,-12,-11,-11,-11,-11,0,0,0","0,0,0,0,0,0,0,0,0,0","-11,-11,-10,-10,-10,-9,-9,-9,-8,-8","0,0,0,0,0,0,0,0,0,0",,60,0,"298,171,73,106,70,6",47,wasteland,71,300,theater_area-20000715,5200,901412,
716,普通关卡,2,0,1,2000,719,0,5,0,36,,,,11;6;6;7;3;5;1;5;3;1;1;1;1,0;0;0;0;0;0;0;0;0;0;0;0;0,47030000,60640000,1,,"1071601-0-1-1,1071602-0-1-1,1071603-0-1-1,1071604-0-1-1,1071605-0-1-1","-2,-2,-2,-1,-1,-1,-1,0,0,0","0,0,0,0,0,0,0,0,0,0","-11,-11,-10,-10,-10,-9,-9,-9,-8,-8","0,0,0,0,0,0,0,0,0,0",,60,0,"298,171,73,106,70,6",47,network,71,300,theater_area-20000716,5800,901412,
717,普通关卡,1,0,1,3000,713,0,5,0,36,,,,11;6;6;7;3;5;1;5;3;1;1;1;1,0;0;0;0;0;0;0;0;0;0;0;0;0,60640000,117160000,1,,"1071701-0-1-1,1071702-0-1-1,1071703-0-1-1,1071704-0-1-1,1071705-0-1-1,1071706-0-1-1","-2,-2,-2,-1,-1,-1,-1,0,0,0","0,0,0,0,0,0,0,0,0,0","-11,-11,-10,-10,-10,-9,-9,-9,-8,-8","0,0,0,0,0,0,0,0,0,0",,60,0,"298,171,73,106,70,6",47,wasteland,71,300,theater_area-20000717,6400,901412,
718,要塞关卡,2,0,1,3000,710,0,5,0,36,,,,11;6;3;11;5;5;1;5;3;1;1;1;1,0;0;-1;1;1;0;0;0;0;0;0;0;0,117160000,190660000,2,,"1071801-0-1-1,1071802-0-1-1,1071803-0-1-1,1071804-0-1-1,1071805-0-1-1,1071806-0-1-1","-7,-7,-7,-6,-6,-6,-6,0,0,0","0,0,0,0,0,0,0,0,0,0","-11,-11,-10,-10,-10,-9,-9,-9,-8,-8","0,0,0,0,0,0,0,0,0,0",700001-0,60,2205,"298,171,73,106,70,6",47,network,71,300,theater_area-20000718,7500,901412,
721,普通关卡,1,0,1;712,1000,704;722,0,5,0,36,,,,11;6;6;7;3;5;1;5;3;1;1;1;1,0;0;0;0;0;0;0;0;0;0;0;0;0,0,18000000,1,721,"1072101-0-1-1,1072102-0-1-1,1072103-0-1-1,1072104-0-1-1","-2,-2,-2,-1,-1,-1,-1,0,0,0","0,0,0,0,0,0,0,0,0,0","-11,-11,-10,-10,-10,-9,-9,-9,-8,-8","0,0,0,0,0,0,0,0,0,0",,60,0,"176,203,315,223,335,338",47,abandonedvillage,72,300,theater_area-20000721,7800,901421,
722,普通关卡,2,0,1;6,1000,710;731,0,5,0,36,,,,11;6;6;7;3;5;1;5;3;1;1;1;1,0;0;0;0;0;0;0;0;0;0;0;0;0,18000000,50980000,1,,"1072201-0-1-1,1072202-0-1-1,1072203-0-1-1,1072204-0-1-1","-2,-2,-2,-1,-1,-1,-1,0,0,0","0,0,0,0,0,0,0,0,0,0","-11,-11,-10,-10,-10,-9,-9,-9,-8,-8","0,0,0,0,0,0,0,0,0,0",,60,0,"176,203,315,223,335,338",47,network,72,300,theater_area-20000722,8000,901421,
723,普通关卡,1,0,1;3,1000,701;736,0,5,0,36,,,,11;6;6;7;3;5;1;5;3;1;1;1;1,0;0;0;0;0;0;0;0;0;0;0;0;0,50980000,77110000,1,,"1072301-1-1-1,1072302-1-1-1,1072303-1-1-1,1072304-1-1-1,1072305-1-1-1","-7,-7,-7,-6,-6,-6,-6,0,0,0","0,0,0,0,0,0,0,0,0,0","-11,-11,-10,-10,-10,-9,-9,-9,-8,-8","0,0,0,0,0,0,0,0,0,0",,60,0,"176,203,315,223,335,338",47,abandonedvillage,72,300,theater_area-20000723,8500,901421,
724,要塞关卡,2,0,1;704,1000,704;728,0,5,0,36,,,,11;10;6;11;3;5;1;5;3;1;1;1;1,0;1;0;1;0;0;0;0;0;0;0;0;0,77110000,105920000,2,,"1072401-0-1-1,1072402-0-1-1,1072403-0-1-1,1072404-0-1-1,1072405-0-1-1","-2,-2,-2,-1,-1,-1,-1,0,0,0","0,0,0,0,0,0,0,0,0,0","-11,-11,-10,-10,-10,-9,-9,-9,-8,-8","0,0,0,0,0,0,0,0,0,0",700001-0,60,2193,"176,203,315,223,335,338",47,network,72,300,theater_area-20000724,8800,901421,
725,普通关卡,3,40,1;709,2000,729;703,0,5,0,36,,,,11;6;6;7;3;5;1;5;3;1;1;1;1,0;0;0;0;0;0;0;0;0;0;0;0;0,105920000,187750000,1,725,"1072501-0-1-1,1072502-0-1-1,1072503-0-1-1,1072504-0-1-1,1072505-0-1-1","-12,-12,-12,-11,-11,-11,-11,0,0,0","0,0,0,0,0,0,0,0,0,0","-11,-11,-10,-10,-10,-9,-9,-9,-8,-8","0,0,0,0,0,0,0,0,0,0",,60,0,"232,202,162,164,209,286",47,abandonedvillage,72,300,theater_area-20000725,9200,901422,
726,普通关卡,2,0,1;706,2000,716;707,0,5,0,36,,,,11;6;6;7;3;5;1;5;3;1;1;1;1,0;0;0;0;0;0;0;0;0;0;0;0;0,187750000,248950000,1,,"1072601-1-1-1,1072602-1-1-1,1072603-1-1-1,1072604-1-1-1,1072605-1-1-1,1072606-1-1-1","-2,-2,-2,-1,-1,-1,-1,0,0,0","0,0,0,0,0,0,0,0,0,0","-11,-11,-10,-10,-10,-9,-9,-9,-8,-8","0,0,0,0,0,0,0,0,0,0",,60,0,"232,202,162,164,209,286",47,network,72,300,theater_area-20000726,9600,901422,
727,普通关卡,1,0,1;716,3000,731;733,0,5,0,36,,,,11;6;6;7;3;5;1;5;3;1;1;1;1,0;0;0;0;0;0;0;0;0;0;0;0;0,248950000,321200000,1,,"1072701-0-1-1,1072702-0-1-1,1072703-0-1-1,1072704-0-1-1,1072705-0-1-1,1072706-0-1-1","-7,-7,-7,-6,-6,-6,-6,0,0,0","0,0,0,0,0,0,0,0,0,0","-11,-11,-10,-10,-10,-9,-9,-9,-8,-8","0,0,0,0,0,0,0,0,0,0",,60,0,"232,202,162,164,209,286",47,abandonedvillage,72,300,theater_area-20000727,13000,901422,
728,要塞关卡,2,0,1;724,3000,705;722,0,5,0,36,,,,16;10;6;7;3;8;1;5;3;1;1;1;1,1;1;0;0;0;1;0;0;0;0;0;0;0,321200000,468370000,2,,"1072801-0-1-1,1072802-0-1-1,1072803-0-1-1,1072804-0-1-1,1072805-0-1-1,1072806-0-1-1","-2,-2,-2,-1,-1,-1,-1,0,0,0","0,0,0,0,0,0,0,0,0,0","-11,-11,-10,-10,-10,-9,-9,-9,-8,-8","0,0,0,0,0,0,0,0,0,0",700006-0,60,3975,"232,202,162,164,209,286",47,network,72,300,theater_area-20000728,14500,901422,
731,普通关卡,2,0,1;712;713,1000,720;713;739,0,5,0,36,,,,11;6;6;7;3;5;1;5;3;1;1;1;1,0;0;0;0;0;0;0;0;0;0;0;0;0,0,180000000,1,731,"1073101-0-1-1,1073102-0-1-1,1073103-0-1-1,1073104-0-1-1","-2,-2,-2,-1,-1,-1,-1,0,0,0","0,0,0,0,0,0,0,0,0,0","-11,-11,-10,-10,-10,-9,-9,-9,-8,-8","0,0,0,0,0,0,0,0,0,0",,60,0,"113,168,260,284,317,329",47,network,73,300,theater_area-20000731,13000,901431,
732,普通关卡,4,"800001,1",1;714;725,1000,722;710;723,0,5,0,36,,,,11;6;6;7;3;5;1;5;3;1;1;1;1,0;0;0;0;0;0;0;0;0;0;0;0;0,180000000,304440000,1,,"1073201-0-1-1,1073202-0-1-1,1073203-0-1-1,1073204-0-1-1","-12,-12,-12,-11,-11,-11,-11,0,0,0","0,0,0,0,0,0,0,0,0,0","-11,-11,-10,-10,-10,-9,-9,-9,-8,-8","0,0,0,0,0,0,0,0,0,0",,60,0,"113,168,260,284,317,329",47,iron,73,300,theater_area-20000732,16000,901431,
733,要塞关卡,2,0,1;716;717,1000,716;719;739,0,5,0,36,,,,16;6;9;7;3;8;1;5;3;1;1;1;1,1;0;1;0;0;1;0;0;0;0;0;0;0,304440000,437880000,2,,"1073301-0-1-1,1073302-0-1-1,1073303-0-1-1,1073304-0-1-1,1073305-0-1-1","-2,-2,-2,-1,-1,-1,-1,0,0,0","0,0,0,0,0,0,0,0,0,0","-11,-11,-10,-10,-10,-9,-9,-9,-8,-8","0,0,0,0,0,0,0,0,0,0",700007-0,60,3493,"113,168,260,284,317,329",47,network,73,300,theater_area-20000733,20000,901431,
734,普通关卡,3,60,1;726;722,2000,718;717;734,0,5,0,36,,,,14;9;8;10;4;7;1;6;4;2;1;1;1,0;0;0;0;0;0;0;0;0;0;0;0;0,437880000,713750000,1,734,"1073401-0-1-1,1073402-0-1-1,1073403-0-1-1,1073404-0-1-1,1073405-0-1-1","-12,-12,-12,-11,-11,-11,-11,0,0,0","0,0,0,0,0,0,0,0,0,0","-11,-11,-10,-10,-10,-9,-9,-9,-8,-8","0,0,0,0,0,0,0,0,0,0",,60,0,"327,27,176,335,330,171",47,iron,73,300,theater_area-20000734,22000,901432,
735,普通关卡,1,0,1;726;721,2000,715;716;726,0,5,0,36,,,,14;9;8;10;4;7;1;6;4;2;1;1;1,0;0;0;0;0;0;0;0;0;0;0;0;0,713750000,891960000,1,,"1073501-0-1-1,1073502-0-1-1,1073503-0-1-1,1073504-0-1-1,1073505-0-1-1","-7,-7,-7,-6,-6,-6,-6,0,0,0","0,0,0,0,0,0,0,0,0,0","-11,-11,-10,-10,-10,-9,-9,-9,-8,-8","0,0,0,0,0,0,0,0,0,0",,60,0,"327,27,176,335,330,171",47,iron,73,300,theater_area-20000735,26000,901432,
736,要塞关卡,2,0,1;703;704,2000,701;710;702,0,5,0,36,,,,14;13;4;15;4;7;1;6;4;2;1;1;1,0;1;-1;1;0;0;0;0;0;0;0;0;0,891960000,1109820000,2,736,"1073601-1-1-1,1073602-1-1-1,1073603-1-1-1,1073604-1-1-1,1073605-1-1-1,1073606-1-1-1","-2,-2,-2,-1,-1,-1,-1,0,0,0","0,0,0,0,0,0,0,0,0,0","-11,-11,-10,-10,-10,-9,-9,-9,-8,-8","0,0,0,0,0,0,0,0,0,0",700003-1,60,5329,"327,27,176,335,330,171",47,network,73,300,theater_area-20000736,27500,901432,
737,普通关卡,1,0,1;14;722,3000,722;729;723,0,5,0,36,,,,14;9;8;10;4;7;1;6;4;2;1;1;1,0;0;0;0;0;0;0;0;0;0;0;0;0,1109820000,1415580000,1,,"1073701-0-1-1,1073702-0-1-1,1073703-0-1-1,1073704-0-1-1,1073705-0-1-1,1073706-0-1-1","-7,-7,-7,-6,-6,-6,-6,0,0,0","0,0,0,0,0,0,0,0,0,0","-11,-11,-10,-10,-10,-9,-9,-9,-8,-8","0,0,0,0,0,0,0,0,0,0",,60,0,"325,326,162,319,85,264",47,iron,73,300,theater_area-20000737,29000,901433,
738,要塞关卡,2,0,1;718;723,3000,727;718;729,0,5,0,36,,,,14;9;8;15;6;10;1;6;4;2;1;1;1,0;0;0;1;1;1;0;0;0;0;0;0;0,1415580000,1730130000,2,,"1073801-0-1-1,1073802-0-1-1,1073803-0-1-1,1073804-0-1-1,1073805-0-1-1,1073806-0-1-1","-2,-2,-2,-1,-1,-1,-1,0,0,0","0,0,0,0,0,0,0,0,0,0","-11,-11,-10,-10,-10,-9,-9,-9,-8,-8","0,0,0,0,0,0,0,0,0,0",700005-0,60,7322,"325,326,162,319,85,264",47,network,73,300,theater_area-20000738,31000,901433,
741,普通关卡,2,0,1;704;712,1500,730;720;710,0,5,0,36,,,,14;9;8;10;4;7;1;6;4;2;1;1;1,0;0;0;0;0;0;0;0;0;0;0;0;0,0,372600000,1,741,"1074101-0-1-1,1074102-0-1-1,1074103-0-1-1,1074104-0-1-1,1074105-0-1-1,1074106-0-1-1","-2,-2,-2,-1,-1,-1,-1,0,0,0","0,0,0,0,0,0,0,0,0,0","-22,-22,-22,-21,-21,-21,-21,0,0,0","0,0,0,0,0,0,0,0,0,0",,60,0,"157,324,164,173,238,263",47,network,74,300,theater_area-20000741,2400,901441,
742,普通关卡,1,0,1;710;714,1500,740;716;714,0,5,0,36,,,,14;9;8;10;4;7;1;6;4;2;1;1;1,0;0;0;0;0;0;0;0;0;0;0;0;0,372600000,535890000,1,742,"1074201-0-1-1,1074202-0-1-1,1074203-0-1-1,1074204-0-1-1,1074205-0-1-1,1074206-0-1-1","-7,-7,-7,-6,-6,-6,-6,0,0,0","0,0,0,0,0,0,0,0,0,0","-27,-27,-27,-26,-26,-26,-26,0,0,0","0,0,0,0,0,0,0,0,0,0",,60,0,"157,324,164,173,238,263",47,snowland,74,300,theater_area-20000742,4800,901441,
743,要塞关卡,2,0,1;727;728,1500,738;741;742,0,5,0,36,,,,7;9;4;10;4;7;1;6;4;2;1;1;1,-1;0;-1;0;0;0;0;0;0;0;0;0;0,535890000,722450000,2,743,"1074301-0-1-1,1074302-0-1-1,1074303-0-1-1,1074304-0-1-1,1074305-0-1-1,1074306-0-1-1","-2,-2,-2,-1,-1,-1,-1,0,0,0","0,0,0,0,0,0,0,0,0,0","-22,-22,-22,-21,-21,-21,-21,0,0,0","0,0,0,0,0,0,0,0,0,0",700002-0,60,6550,"157,324,164,173,238,263",47,network,74,300,theater_area-20000743,6400,901441,
744,普通关卡,3,40,1;723;3,3000,715;727;729,0,5,0,36,,,,14;9;8;10;4;7;1;6;4;2;1;1;1,0;0;0;0;0;0;0;0;0;0;0;0;0,722450000,896410000,1,,"1074401-0-1-1,1074402-0-1-1,1074403-0-1-1,1074404-0-1-1,1074405-0-1-1,1074406-0-1-1","-12,-12,-12,-11,-11,-11,-11,0,0,0","0,0,0,0,0,0,0,0,0,0","-32,-32,-32,-31,-31,-31,-31,0,0,0","0,0,0,0,0,0,0,0,0,0",,60,0,"299,278,190,84,80,300",47,snowland,74,300,theater_area-20000744,14000,901442,
745,普通关卡,4,"800003,1",1;705;706,3000,703;707;733,0,5,0,36,,,,14;9;8;10;4;7;1;6;4;2;1;1;1,0;0;0;0;0;0;0;0;0;0;0;0;0,896410000,1118530000,1,,"1074501-0-1-1,1074502-0-1-1,1074503-0-1-1,1074504-0-1-1,1074505-0-1-1,1074506-0-1-1","-12,-12,-12,-11,-11,-11,-11,0,0,0","0,0,0,0,0,0,0,0,0,0","-32,-32,-32,-31,-31,-31,-31,0,0,0","0,0,0,0,0,0,0,0,0,0",,60,0,"299,278,190,84,80,300",47,snowland,74,300,theater_area-20000745,25000,901442,
746,要塞关卡,2,0,1;718;723,3000,715;716;743,0,10,0,72,,,,7;9;8;10;6;10;1;6;4;2;1;1;1,-1;0;0;0;1;1;0;0;0;0;0;0;0,1118530000,1545620000,2,,"1074601-0-1-1,1074602-0-1-1,1074603-0-1-1,1074604-0-1-1,1074605-0-1-1,1074606-0-1-1","-2,-2,-2,-1,-1,-1,-1,0,0,0","0,0,0,0,0,0,0,0,0,0","-22,-22,-22,-21,-21,-21,-21,0,0,0","0,0,0,0,0,0,0,0,0,0",700001-0,60,11380,"299,278,190,84,80,300",47,network,74,300,theater_area-20000746,28000,901442,
747,普通关卡,4,"800005,1",1;722;710,5000,703;710;733,0,10,0,72,,,,21;13;12;15;6;10;1;9;6;3;2;2;2,0;0;0;0;0;0;0;0;0;0;0;0;0,1545620000,1916600000,1,,"1074701-0-1-1,1074702-0-1-1,1074703-0-1-1,1074704-0-1-1,1074705-0-1-1,1074706-0-1-1","-12,-12,-12,-11,-11,-11,-11,0,0,0","0,0,0,0,0,0,0,0,0,0","-32,-32,-32,-31,-31,-31,-31,0,0,0","0,0,0,0,0,0,0,0,0,0",,60,0,"336,328,203,330,171,187",47,snowland,74,300,theater_area-20000747,30000,901443,
748,要塞关卡,2,0,1;716;723,5000,727;728;729,0,15,0,108,,,,21;19;6;22;6;10;1;9;6;3;2;2;2,0;1;-1;1;0;0;0;0;0;0;0;0;0,1916600000,2095380000,2,,"1074801-1-1-1,1074802-1-1-1,1074803-1-1-1,1074804-1-1-1,1074805-1-1-1,1074806-1-1-1","-2,-2,-2,-1,-1,-1,-1,0,0,0","0,0,0,0,0,0,0,0,0,0","-2,-2,-2,-1,-1,-1,-1,0,0,0","0,0,0,0,0,0,0,0,0,0",700004-1,100,16142,"336,328,203,330,171,187",47,network,74,300,theater_area-20000748,34000,901443,
811,theater_area-10000811,1,0,1,1000,737,0,5,0,36,,,,7;4;4;5;2;3;1;3;2;1;1;1;1,0;0;0;0;0;0;0;0;0;0;0;0;0,0,7450000,1,811,"1081101-0-1-1,1081102-0-1-1,1081103-0-1-1","-7,-7,-7,-6,-6,-6,-6,0,0,0","0,0,0,0,0,0,0,0,0,0","-11,-11,-10,-10,-10,-9,-9,-9,-8,-8","0,0,0,0,0,0,0,0,0,0",,60,0,"330,27,10,13,328,115",47,wasteland,81,300,theater_area-20000811,1000,901411,
812,theater_area-10000812,2,0,1,1000,736,0,5,0,36,,,,7;4;4;5;2;3;1;3;2;1;1;1;1,0;0;0;0;0;0;0;0;0;0;0;0;0,7450000,11690000,1,,"1081201-0-1-1,1081202-0-1-1,1081203-0-1-1,1081204-0-1-1","-2,-2,-2,-1,-1,-1,-1,0,0,0","0,0,0,0,0,0,0,0,0,0","-11,-11,-10,-10,-10,-9,-9,-9,-8,-8","0,0,0,0,0,0,0,0,0,0",,60,0,"330,27,10,13,328,115",47,network,81,300,theater_area-20000812,2600,901411,
813,theater_area-10000813,1,0,1,1000,738,0,5,0,36,,,,7;4;4;5;2;3;1;3;2;1;1;1;1,0;0;0;0;0;0;0;0;0;0;0;0;0,11690000,15130000,1,,"1081301-0-1-1,1081302-0-1-1,1081303-0-1-1,1081304-0-1-1","-7,-7,-7,-6,-6,-6,-6,0,0,0","0,0,0,0,0,0,0,0,0,0","-11,-11,-10,-10,-10,-9,-9,-9,-8,-8","0,0,0,0,0,0,0,0,0,0",,60,0,"330,27,10,13,328,115",47,wasteland,81,300,theater_area-20000813,4200,901411,
814,theater_area-10000814,2,0,1,1000,703,0,5,0,36,,,,11;6;4;7;2;3;1;3;2;1;1;1;1,1;1;0;1;0;0;0;0;0;0;0;0;0,15130000,35370000,2,,"1081401-0-1-1,1081402-0-1-1,1081403-0-1-1,1081404-0-1-1","-2,-2,-2,-1,-1,-1,-1,0,0,0","0,0,0,0,0,0,0,0,0,0","-11,-11,-10,-10,-10,-9,-9,-9,-8,-8","0,0,0,0,0,0,0,0,0,0",700002-0,60,1046,"330,27,10,13,328,115",47,network,81,300,theater_area-20000814,4800,901411,
815,theater_area-10000815,3,40,1,2000,720,0,5,0,36,,,,11;6;6;7;3;5;1;5;3;1;1;1;1,0;0;0;0;0;0;0;0;0;0;0;0;0,35370000,47030000,1,,"1081501-0-1-1,1081502-0-1-1,1081503-0-1-1,1081504-0-1-1,1081505-0-1-1","-12,-12,-12,-11,-11,-11,-11,0,0,0","0,0,0,0,0,0,0,0,0,0","-11,-11,-10,-10,-10,-9,-9,-9,-8,-8","0,0,0,0,0,0,0,0,0,0",,60,0,"298,349,73,106,70,6",47,wasteland,81,300,theater_area-20000815,5200,901412,
816,theater_area-10000816,2,0,1,2000,719,0,5,0,36,,,,11;6;6;7;3;5;1;5;3;1;1;1;1,0;0;0;0;0;0;0;0;0;0;0;0;0,47030000,60640000,1,,"1081601-0-1-1,1081602-0-1-1,1081603-0-1-1,1081604-0-1-1,1081605-0-1-1","-2,-2,-2,-1,-1,-1,-1,0,0,0","0,0,0,0,0,0,0,0,0,0","-11,-11,-10,-10,-10,-9,-9,-9,-8,-8","0,0,0,0,0,0,0,0,0,0",,60,0,"298,349,73,106,70,6",47,network,81,300,theater_area-20000816,5800,901412,
817,theater_area-10000817,1,0,1,3000,713,0,5,0,36,,,,11;6;6;7;3;5;1;5;3;1;1;1;1,0;0;0;0;0;0;0;0;0;0;0;0;0,60640000,117160000,1,,"1081701-0-1-1,1081702-0-1-1,1081703-0-1-1,1081704-0-1-1,1081705-0-1-1,1081706-0-1-1","-2,-2,-2,-1,-1,-1,-1,0,0,0","0,0,0,0,0,0,0,0,0,0","-11,-11,-10,-10,-10,-9,-9,-9,-8,-8","0,0,0,0,0,0,0,0,0,0",,60,0,"298,349,73,106,70,6",47,wasteland,81,300,theater_area-20000817,6400,901412,
818,theater_area-10000818,2,0,1,3000,710,0,5,0,36,,,,11;6;3;11;5;5;1;5;3;1;1;1;1,0;0;-1;1;1;0;0;0;0;0;0;0;0,117160000,190660000,2,,"1081801-0-1-1,1081802-0-1-1,1081803-0-1-1,1081804-0-1-1,1081805-0-1-1,1081806-0-1-1","-7,-7,-7,-6,-6,-6,-6,0,0,0","0,0,0,0,0,0,0,0,0,0","-11,-11,-10,-10,-10,-9,-9,-9,-8,-8","0,0,0,0,0,0,0,0,0,0",700001-0,60,2205,"298,349,73,106,70,6",47,network,81,300,theater_area-20000818,7500,901412,
821,theater_area-10000821,1,0,1;712,1000,704;722,0,5,0,36,,,,11;6;6;7;3;5;1;5;3;1;1;1;1,0;0;0;0;0;0;0;0;0;0;0;0;0,0,18000000,1,821,"1082101-0-1-1,1082102-0-1-1,1082103-0-1-1,1082104-0-1-1","-2,-2,-2,-1,-1,-1,-1,0,0,0","0,0,0,0,0,0,0,0,0,0","-11,-11,-10,-10,-10,-9,-9,-9,-8,-8","0,0,0,0,0,0,0,0,0,0",,60,0,"176,203,315,223,335,338",47,abandonedvillage,82,300,theater_area-20000821,7800,901421,
822,theater_area-10000822,2,0,1;6,1000,710;731,0,5,0,36,,,,11;6;6;7;3;5;1;5;3;1;1;1;1,0;0;0;0;0;0;0;0;0;0;0;0;0,18000000,50980000,1,,"1082201-0-1-1,1082202-0-1-1,1082203-0-1-1,1082204-0-1-1","-2,-2,-2,-1,-1,-1,-1,0,0,0","0,0,0,0,0,0,0,0,0,0","-11,-11,-10,-10,-10,-9,-9,-9,-8,-8","0,0,0,0,0,0,0,0,0,0",,60,0,"176,203,315,223,335,338",47,network,82,300,theater_area-20000822,8000,901421,
823,theater_area-10000823,1,0,1;3,1000,701;736,0,5,0,36,,,,11;6;6;7;3;5;1;5;3;1;1;1;1,0;0;0;0;0;0;0;0;0;0;0;0;0,50980000,77110000,1,,"1082301-1-1-1,1082302-1-1-1,1082303-1-1-1,1082304-1-1-1,1082305-1-1-1","-7,-7,-7,-6,-6,-6,-6,0,0,0","0,0,0,0,0,0,0,0,0,0","-11,-11,-10,-10,-10,-9,-9,-9,-8,-8","0,0,0,0,0,0,0,0,0,0",,60,0,"176,203,315,223,335,338",47,abandonedvillage,82,300,theater_area-20000823,8500,901421,
824,theater_area-10000824,2,0,1;704,1000,704;728,0,5,0,36,,,,11;10;6;11;3;5;1;5;3;1;1;1;1,0;1;0;1;0;0;0;0;0;0;0;0;0,77110000,105920000,2,,"1082401-0-1-1,1082402-0-1-1,1082403-0-1-1,1082404-0-1-1,1082405-0-1-1","-2,-2,-2,-1,-1,-1,-1,0,0,0","0,0,0,0,0,0,0,0,0,0","-11,-11,-10,-10,-10,-9,-9,-9,-8,-8","0,0,0,0,0,0,0,0,0,0",700001-0,60,2193,"176,203,315,223,335,338",47,network,82,300,theater_area-20000824,8800,901421,
825,theater_area-10000825,3,40,1;709,2000,729;703,0,5,0,36,,,,11;6;6;7;3;5;1;5;3;1;1;1;1,0;0;0;0;0;0;0;0;0;0;0;0;0,105920000,187750000,1,825,"1082501-0-1-1,1082502-0-1-1,1082503-0-1-1,1082504-0-1-1,1082505-0-1-1","-12,-12,-12,-11,-11,-11,-11,0,0,0","0,0,0,0,0,0,0,0,0,0","-11,-11,-10,-10,-10,-9,-9,-9,-8,-8","0,0,0,0,0,0,0,0,0,0",,60,0,"232,202,162,164,209,286",47,abandonedvillage,82,300,theater_area-20000825,9200,901422,
826,theater_area-10000826,2,0,1;706,2000,716;707,0,5,0,36,,,,11;6;6;7;3;5;1;5;3;1;1;1;1,0;0;0;0;0;0;0;0;0;0;0;0;0,187750000,248950000,1,,"1082601-1-1-1,1082602-1-1-1,1082603-1-1-1,1082604-1-1-1,1082605-1-1-1,1082606-1-1-1","-2,-2,-2,-1,-1,-1,-1,0,0,0","0,0,0,0,0,0,0,0,0,0","-11,-11,-10,-10,-10,-9,-9,-9,-8,-8","0,0,0,0,0,0,0,0,0,0",,60,0,"232,202,162,164,209,286",47,network,82,300,theater_area-20000826,9600,901422,
827,theater_area-10000827,1,0,1;716,3000,731;733,0,5,0,36,,,,11;6;6;7;3;5;1;5;3;1;1;1;1,0;0;0;0;0;0;0;0;0;0;0;0;0,248950000,321200000,1,,"1082701-0-1-1,1082702-0-1-1,1082703-0-1-1,1082704-0-1-1,1082705-0-1-1,1082706-0-1-1","-7,-7,-7,-6,-6,-6,-6,0,0,0","0,0,0,0,0,0,0,0,0,0","-11,-11,-10,-10,-10,-9,-9,-9,-8,-8","0,0,0,0,0,0,0,0,0,0",,60,0,"232,202,162,164,209,286",47,abandonedvillage,82,300,theater_area-20000827,13000,901422,
828,theater_area-10000828,2,0,1;724,3000,705;722,0,5,0,36,,,,16;10;6;7;3;8;1;5;3;1;1;1;1,1;1;0;0;0;1;0;0;0;0;0;0;0,321200000,468370000,2,,"1082801-0-1-1,1082802-0-1-1,1082803-0-1-1,1082804-0-1-1,1082805-0-1-1,1082806-0-1-1","-2,-2,-2,-1,-1,-1,-1,0,0,0","0,0,0,0,0,0,0,0,0,0","-11,-11,-10,-10,-10,-9,-9,-9,-8,-8","0,0,0,0,0,0,0,0,0,0",700006-0,60,3975,"232,202,162,164,209,286",47,network,82,300,theater_area-20000828,14500,901422,
831,theater_area-10000831,2,0,1;712;713,1000,720;713;739,0,5,0,36,,,,11;6;6;7;3;5;1;5;3;1;1;1;1,0;0;0;0;0;0;0;0;0;0;0;0;0,0,180000000,1,831,"1083101-0-1-1,1083102-0-1-1,1083103-0-1-1,1083104-0-1-1","-2,-2,-2,-1,-1,-1,-1,0,0,0","0,0,0,0,0,0,0,0,0,0","-11,-11,-10,-10,-10,-9,-9,-9,-8,-8","0,0,0,0,0,0,0,0,0,0",,60,0,"113,168,260,284,317,329",47,network,83,300,theater_area-20000831,13000,901431,
832,theater_area-10000832,4,"10094,1",1;714;801,1000,722;710;723,0,5,0,36,,,,11;6;6;7;3;5;1;5;3;1;1;1;1,0;0;0;0;0;0;0;0;0;0;0;0;0,180000000,304440000,1,,"1083201-0-1-1,1083202-0-1-1,1083203-0-1-1,1083204-0-1-1","-12,-12,-12,-11,-11,-11,-11,0,0,0","0,0,0,0,0,0,0,0,0,0","-11,-11,-10,-10,-10,-9,-9,-9,-8,-8","0,0,0,0,0,0,0,0,0,0",,60,0,"113,168,260,284,317,329",47,iron,83,300,theater_area-20000832,16000,901431,
833,theater_area-10000833,2,0,1;716;717,1000,716;719;739,0,5,0,36,,,,16;6;9;7;3;8;1;5;3;1;1;1;1,1;0;1;0;0;1;0;0;0;0;0;0;0,304440000,437880000,2,,"1083301-0-1-1,1083302-0-1-1,1083303-0-1-1,1083304-0-1-1,1083305-0-1-1","-2,-2,-2,-1,-1,-1,-1,0,0,0","0,0,0,0,0,0,0,0,0,0","-11,-11,-10,-10,-10,-9,-9,-9,-8,-8","0,0,0,0,0,0,0,0,0,0",700007-0,60,3493,"113,168,260,284,317,329",47,network,83,300,theater_area-20000833,20000,901431,
834,theater_area-10000834,3,60,1;726;722,2000,718;717;734,0,5,0,36,,,,14;9;8;10;4;7;1;6;4;2;1;1;1,0;0;0;0;0;0;0;0;0;0;0;0;0,437880000,713750000,1,834,"1083401-0-1-1,1083402-0-1-1,1083403-0-1-1,1083404-0-1-1,1083405-0-1-1","-12,-12,-12,-11,-11,-11,-11,0,0,0","0,0,0,0,0,0,0,0,0,0","-11,-11,-10,-10,-10,-9,-9,-9,-8,-8","0,0,0,0,0,0,0,0,0,0",,60,0,"327,27,176,335,330,349",47,iron,83,300,theater_area-20000834,22000,901432,
835,theater_area-10000835,1,0,1;726;721,2000,715;716;726,0,5,0,36,,,,14;9;8;10;4;7;1;6;4;2;1;1;1,0;0;0;0;0;0;0;0;0;0;0;0;0,713750000,891960000,1,,"1083501-0-1-1,1083502-0-1-1,1083503-0-1-1,1083504-0-1-1,1083505-0-1-1","-7,-7,-7,-6,-6,-6,-6,0,0,0","0,0,0,0,0,0,0,0,0,0","-11,-11,-10,-10,-10,-9,-9,-9,-8,-8","0,0,0,0,0,0,0,0,0,0",,60,0,"327,27,176,335,330,349",47,iron,83,300,theater_area-20000835,26000,901432,
836,theater_area-10000836,2,0,1;703;704,2000,701;710;702,0,5,0,36,,,,14;13;4;15;4;7;1;6;4;2;1;1;1,0;1;-1;1;0;0;0;0;0;0;0;0;0,891960000,1109820000,2,836,"1083601-1-1-1,1083602-1-1-1,1083603-1-1-1,1083604-1-1-1,1083605-1-1-1,1083606-1-1-1","-2,-2,-2,-1,-1,-1,-1,0,0,0","0,0,0,0,0,0,0,0,0,0","-11,-11,-10,-10,-10,-9,-9,-9,-8,-8","0,0,0,0,0,0,0,0,0,0",700003-1,60,5329,"327,27,176,335,330,349",47,network,83,300,theater_area-20000836,27500,901432,
837,theater_area-10000837,1,0,1;14;722,3000,722;729;723,0,5,0,36,,,,14;9;8;10;4;7;1;6;4;2;1;1;1,0;0;0;0;0;0;0;0;0;0;0;0;0,1109820000,1415580000,1,,"1083701-0-1-1,1083702-0-1-1,1083703-0-1-1,1083704-0-1-1,1083705-0-1-1,1083706-0-1-1","-7,-7,-7,-6,-6,-6,-6,0,0,0","0,0,0,0,0,0,0,0,0,0","-11,-11,-10,-10,-10,-9,-9,-9,-8,-8","0,0,0,0,0,0,0,0,0,0",,60,0,"325,326,162,319,85,264",47,iron,83,300,theater_area-20000837,29000,901433,
838,theater_area-10000838,2,0,1;718;723,3000,727;718;729,0,5,0,36,,,,14;9;8;15;6;10;1;6;4;2;1;1;1,0;0;0;1;1;1;0;0;0;0;0;0;0,1415580000,1730130000,2,,"1083801-0-1-1,1083802-0-1-1,1083803-0-1-1,1083804-0-1-1,1083805-0-1-1,1083806-0-1-1","-2,-2,-2,-1,-1,-1,-1,0,0,0","0,0,0,0,0,0,0,0,0,0","-11,-11,-10,-10,-10,-9,-9,-9,-8,-8","0,0,0,0,0,0,0,0,0,0",700005-0,60,7322,"325,326,162,319,85,264",47,network,83,300,theater_area-20000838,31000,901433,
841,theater_area-10000841,2,0,1;704;712,1500,730;720;710,0,5,0,36,,,,14;9;8;10;4;7;1;6;4;2;1;1;1,0;0;0;0;0;0;0;0;0;0;0;0;0,0,372600000,1,841,"1084101-0-1-1,1084102-0-1-1,1084103-0-1-1,1084104-0-1-1,1084105-0-1-1,1084106-0-1-1","-2,-2,-2,-1,-1,-1,-1,0,0,0","0,0,0,0,0,0,0,0,0,0","-22,-22,-22,-21,-21,-21,-21,0,0,0","0,0,0,0,0,0,0,0,0,0",,60,0,"157,324,164,173,238,263",47,network,84,300,theater_area-20000841,2400,901441,
842,theater_area-10000842,1,0,1;710;714,1500,740;716;714,0,5,0,36,,,,14;9;8;10;4;7;1;6;4;2;1;1;1,0;0;0;0;0;0;0;0;0;0;0;0;0,372600000,535890000,1,842,"1084201-0-1-1,1084202-0-1-1,1084203-0-1-1,1084204-0-1-1,1084205-0-1-1,1084206-0-1-1","-7,-7,-7,-6,-6,-6,-6,0,0,0","0,0,0,0,0,0,0,0,0,0","-27,-27,-27,-26,-26,-26,-26,0,0,0","0,0,0,0,0,0,0,0,0,0",,60,0,"157,324,164,173,238,263",47,snowland,84,300,theater_area-20000842,4800,901441,
843,theater_area-10000843,2,0,1;727;728,1500,738;741;742,0,5,0,36,,,,7;9;4;10;4;7;1;6;4;2;1;1;1,-1;0;-1;0;0;0;0;0;0;0;0;0;0,535890000,722450000,2,843,"1084301-0-1-1,1084302-0-1-1,1084303-0-1-1,1084304-0-1-1,1084305-0-1-1,1084306-0-1-1","-2,-2,-2,-1,-1,-1,-1,0,0,0","0,0,0,0,0,0,0,0,0,0","-22,-22,-22,-21,-21,-21,-21,0,0,0","0,0,0,0,0,0,0,0,0,0",700002-0,60,6550,"157,324,164,173,238,263",47,network,84,300,theater_area-20000843,6400,901441,
844,theater_area-10000844,3,40,1;723;3,3000,715;727;729,0,5,0,36,,,,14;9;8;10;4;7;1;6;4;2;1;1;1,0;0;0;0;0;0;0;0;0;0;0;0;0,722450000,896410000,1,,"1084401-0-1-1,1084402-0-1-1,1084403-0-1-1,1084404-0-1-1,1084405-0-1-1,1084406-0-1-1","-12,-12,-12,-11,-11,-11,-11,0,0,0","0,0,0,0,0,0,0,0,0,0","-32,-32,-32,-31,-31,-31,-31,0,0,0","0,0,0,0,0,0,0,0,0,0",,60,0,"299,278,190,84,80,300",47,snowland,84,300,theater_area-20000844,14000,901442,
845,theater_area-10000845,4,"10090,2",1;802;723,3000,703;707;735,0,5,0,36,,,,14;9;8;10;4;7;1;6;4;2;1;1;1,0;0;0;0;0;0;0;0;0;0;0;0;0,896410000,1118530000,1,,"1084501-0-1-1,1084502-0-1-1,1084503-0-1-1,1084504-0-1-1,1084505-0-1-1,1084506-0-1-1","-12,-12,-12,-11,-11,-11,-11,0,0,0","0,0,0,0,0,0,0,0,0,0","-32,-32,-32,-31,-31,-31,-31,0,0,0","0,0,0,0,0,0,0,0,0,0",,60,0,"299,278,190,84,80,300",47,snowland,84,300,theater_area-20000845,25000,901442,
846,theater_area-10000846,2,0,1;718;723,3000,715;716;743,0,10,0,72,,,,7;9;8;10;6;10;1;6;4;2;1;1;1,-1;0;0;0;1;1;0;0;0;0;0;0;0,1118530000,1545620000,2,,"1084601-0-1-1,1084602-0-1-1,1084603-0-1-1,1084604-0-1-1,1084605-0-1-1,1084606-0-1-1","-2,-2,-2,-1,-1,-1,-1,0,0,0","0,0,0,0,0,0,0,0,0,0","-22,-22,-22,-21,-21,-21,-21,0,0,0","0,0,0,0,0,0,0,0,0,0",700001-0,60,11380,"299,278,190,84,80,300",47,network,84,300,theater_area-20000846,28000,901442,
847,theater_area-10000847,4,"800008,1",1;722;710,5000,703;710;724,0,10,0,72,,,,21;13;12;15;6;10;1;9;6;3;2;2;2,0;0;0;0;0;0;0;0;0;0;0;0;0,1545620000,1916600000,1,,"1084701-0-1-1,1084702-0-1-1,1084703-0-1-1,1084704-0-1-1,1084705-0-1-1,1084706-0-1-1","-12,-12,-12,-11,-11,-11,-11,0,0,0","0,0,0,0,0,0,0,0,0,0","-32,-32,-32,-31,-31,-31,-31,0,0,0","0,0,0,0,0,0,0,0,0,0",,60,0,"336,328,203,330,349,187",47,snowland,84,300,theater_area-20000847,30000,901443,
848,theater_area-10000848,2,0,1;716;723,5000,727;728;729,0,15,0,108,,,,21;19;6;22;6;10;1;9;6;3;2;2;2,0;1;-1;1;0;0;0;0;0;0;0;0;0,1916600000,2095380000,2,,"1084801-1-1-1,1084802-1-1-1,1084803-1-1-1,1084804-1-1-1,1084805-1-1-1,1084806-1-1-1","-2,-2,-2,-1,-1,-1,-1,0,0,0","0,0,0,0,0,0,0,0,0,0","-2,-2,-2,-1,-1,-1,-1,0,0,0","0,0,0,0,0,0,0,0,0,0",700004-1,100,16142,"336,328,203,330,349,187",47,network,84,300,theater_area-20000848,34000,901443,
